{"type":"FeatureCollection","features":[{"type":"Feature","geometry":{"type":"LineString","coordinates":[[-102.703565,34.212493],[-102.731528,34.209989],[-102.759392,34.207485],[-102.780387,34.203336],[-102.805223,34.206825],[-102.833992,34.217966],[-102.858026,34.221915],[-102.876801,34.222573],[-102.895053,34.227119],[-102.914554,34.236166],[-102.937946,34.250071],[-102.961461,34.26405],[-102.984938,34.277984],[-103.008336,34.291868],[-103.02476,34.299502],[-103.029807,34.300282]]},"properties":{"strokeweig":0.15,"name":"Blackwater Draw","featurecla":"River (Intermittent)","scalerank":10,"min_zoom":6,"min_label":7,"ne_id":1159108599,"rivernum":22479,"dissolve":"22479River (Intermittent)","name_alt":null,"note":"ID is link back to CEC data","name_full":null,"label":null,"wikidataid":"Q14705945","name_ar":null,"name_bn":null,"name_de":null,"name_en":null,"name_es":null,"name_fr":null,"name_el":null,"name_hi":null,"name_hu":null,"name_id":null,"name_it":null,"name_ja":null,"name_ko":null,"name_nl":null,"name_pl":null,"name_pt":null,"name_ru":null,"name_sv":null,"name_tr":null,"name_vi":null,"name_zh":null,"name_fa":null,"name_he":null,"name_uk":null,"name_ur":null,"name_zht":null,"_hydro_kind":"river","_source":"Natural Earth 10m"}},{"type":"Feature","geometry":{"type":"LineString","coordinates":[[-94.78826,32.98125],[-94.796092,32.985986],[-94.819023,32.987154],[-94.842349,32.994424],[-94.856086,33.006436],[-94.875363,33.018037],[-94.89464,33.029634],[-94.914492,33.04754],[-94.934361,33.065447],[-94.958833,33.074136],[-94.980656,33.073733],[-95.002486,33.073325]]},"properties":{"strokeweig":0.15,"name":"Big Cypress Bayou","featurecla":"River","scalerank":12,"min_zoom":7,"min_label":8,"ne_id":1159138633,"rivernum":22450,"dissolve":"22450River","name_alt":null,"note":"ID is link back to CEC data","name_full":"Big Cypress Bayou","label":"Big Cypress Bayou","wikidataid":"Q4905518","name_ar":null,"name_bn":null,"name_de":null,"name_en":"Big Cypress Bayou","name_es":null,"name_fr":null,"name_el":null,"name_hi":null,"name_hu":null,"name_id":null,"name_it":null,"name_ja":null,"name_ko":null,"name_nl":null,"name_pl":null,"name_pt":null,"name_ru":null,"name_sv":null,"name_tr":null,"name_vi":null,"name_zh":null,"name_fa":null,"name_he":null,"name_uk":null,"name_ur":null,"name_zht":null,"_hydro_kind":"river","_source":"Natural Earth 10m"}},{"type":"Feature","geometry":{"type":"LineString","coordinates":[[-94.82568,32.022602],[-94.844982,32.006696],[-94.855322,31.995088],[-94.863169,31.982427],[-94.870165,31.964587],[-94.877152,31.946747],[-94.889295,31.928712],[-94.901439,31.910675],[-94.914933,31.895376],[-94.930635,31.88629],[-94.938725,31.873644],[-94.941124,31.857078],[-94.946287,31.843586],[-94.945319,31.820469],[-94.952493,31.805041],[-94.977739,31.789514],[-94.965999,31.778945],[-94.944965,31.77047],[-94.935513,31.76205],[-94.951058,31.754859],[-94.966594,31.747672],[-94.963594,31.731095],[-94.959454,31.719718],[-94.962174,31.710825],[-94.963033,31.696917],[-94.957631,31.682232]]},"properties":{"strokeweig":0.15,"name":"Angelina","featurecla":"River","scalerank":12,"min_zoom":7,"min_label":8,"ne_id":1159141049,"rivernum":23003,"dissolve":"23003River","name_alt":null,"note":"ID is link back to CEC data","name_full":"Angelina River","label":"Angelina","wikidataid":"Q4762748","name_ar":null,"name_bn":null,"name_de":"Angelina","name_en":"Angelina","name_es":null,"name_fr":null,"name_el":null,"name_hi":null,"name_hu":null,"name_id":null,"name_it":null,"name_ja":null,"name_ko":null,"name_nl":null,"name_pl":null,"name_pt":null,"name_ru":null,"name_sv":null,"name_tr":null,"name_vi":null,"name_zh":"安杰利纳河","name_fa":null,"name_he":null,"name_uk":null,"name_ur":null,"name_zht":"安杰利纳河","_hydro_kind":"river","_source":"Natural Earth 10m"}},{"type":"Feature","geometry":{"type":"LineString","coordinates":[[-95.672891,32.494031],[-95.667252,32.492218],[-95.653142,32.491689],[-95.629912,32.488733],[-95.614069,32.48002],[-95.598229,32.471304],[-95.578864,32.465085],[-95.562179,32.456673],[-95.547441,32.445735],[-95.534603,32.432223],[-95.519369,32.420381],[-95.504146,32.408535],[-95.494441,32.395249],[-95.477734,32.377928],[-95.452444,32.361757],[-95.449943,32.34845],[-95.454921,32.327897],[-95.453793,32.307206],[-95.452665,32.286515],[-95.462313,32.269548],[-95.469158,32.254087],[-95.477165,32.242107],[-95.484135,32.22914],[-95.476409,32.216959]]},"properties":{"strokeweig":0.15,"name":"Neches","featurecla":"River","scalerank":11,"min_zoom":6.7,"min_label":7.7,"ne_id":1159108667,"rivernum":22413,"dissolve":"22413River","name_alt":null,"note":"ID is link back to CEC data","name_full":"Neches River","label":"Neches","wikidataid":"Q964437","name_ar":null,"name_bn":null,"name_de":"Neches","name_en":"Neches","name_es":"Neches","name_fr":"Neches","name_el":null,"name_hi":null,"name_hu":null,"name_id":null,"name_it":"Neches","name_ja":"ナチェス川","name_ko":null,"name_nl":"Neches","name_pl":"Neches","name_pt":"Neches","name_ru":"Нечес","name_sv":null,"name_tr":null,"name_vi":null,"name_zh":"内奇斯河","name_fa":null,"name_he":null,"name_uk":null,"name_ur":null,"name_zht":"内奇斯河","_hydro_kind":"river","_source":"Natural Earth 10m"}},{"type":"Feature","geometry":{"type":"LineString","coordinates":[[-96.035828,33.103878],[-96.055495,33.11635],[-96.076156,33.136412],[-96.084642,33.147837],[-96.101032,33.165861],[-96.108224,33.178457],[-96.115426,33.191052],[-96.125695,33.205515],[-96.139003,33.216541],[-96.155389,33.224164],[-96.169686,33.235848],[-96.181914,33.251587],[-96.194153,33.267325],[-96.204824,33.285795],[-96.211686,33.301729],[-96.21855,33.317662]]},"properties":{"strokeweig":0.15,"name":"Cowleech Fork","featurecla":"River","scalerank":12,"min_zoom":7,"min_label":8,"ne_id":1159138663,"rivernum":22458,"dissolve":"22458River (Intermittent)","name_alt":null,"note":"ID is link back to CEC data","name_full":null,"label":null,"wikidataid":null,"name_ar":null,"name_bn":null,"name_de":null,"name_en":null,"name_es":null,"name_fr":null,"name_el":null,"name_hi":null,"name_hu":null,"name_id":null,"name_it":null,"name_ja":null,"name_ko":null,"name_nl":null,"name_pl":null,"name_pt":null,"name_ru":null,"name_sv":null,"name_tr":null,"name_vi":null,"name_zh":null,"name_fa":null,"name_he":null,"name_uk":null,"name_ur":null,"name_zht":null,"_hydro_kind":"river","_source":"Natural Earth 10m"}},{"type":"Feature","geometry":{"type":"LineString","coordinates":[[-97.843815,33.229053],[-97.852575,33.241793],[-97.863665,33.250631],[-97.88299,33.247516],[-97.906721,33.238697],[-97.929989,33.23731],[-97.944557,33.246126],[-97.949418,33.260102],[-97.959027,33.265612],[-97.97182,33.259018],[-97.986727,33.255188],[-98.005349,33.25778],[-98.022079,33.258071],[-98.031316,33.261635],[-98.042299,33.272167],[-98.060693,33.284119],[-98.085035,33.293449],[-98.109383,33.302774],[-98.123698,33.312562],[-98.128742,33.320153],[-98.144238,33.326768],[-98.162305,33.340948],[-98.180377,33.355113],[-98.19909,33.365881],[-98.213436,33.375889],[-98.220708,33.382824],[-98.232358,33.390983],[-98.248126,33.398283],[-98.252435,33.401745]]},"properties":{"strokeweig":0.15,"name":"W.  Fk.  Trinity","featurecla":"River (Intermittent)","scalerank":10,"min_zoom":6,"min_label":7,"ne_id":1159138641,"rivernum":22452,"dissolve":"22452River","name_alt":null,"note":"ID is link back to CEC data","name_full":"West Fork Trinity River","label":null,"wikidataid":null,"name_ar":null,"name_bn":null,"name_de":null,"name_en":null,"name_es":null,"name_fr":null,"name_el":null,"name_hi":null,"name_hu":null,"name_id":null,"name_it":null,"name_ja":null,"name_ko":null,"name_nl":null,"name_pl":null,"name_pt":null,"name_ru":null,"name_sv":null,"name_tr":null,"name_vi":null,"name_zh":null,"name_fa":null,"name_he":null,"name_uk":null,"name_ur":null,"name_zht":null,"_hydro_kind":"river","_source":"Natural Earth 10m"}},{"type":"Feature","geometry":{"type":"LineString","coordinates":[[-97.114967,33.57766],[-97.133869,33.589068],[-97.14727,33.602919],[-97.155225,33.619271],[-97.165118,33.631461],[-97.188821,33.62977],[-97.212545,33.628073],[-97.236191,33.626371],[-97.25139,33.618087],[-97.270906,33.612068],[-97.290411,33.606046],[-97.31205,33.602019],[-97.34061,33.605179],[-97.370772,33.610869],[-97.393268,33.6171],[-97.415781,33.623337],[-97.438235,33.629541],[-97.457367,33.639239],[-97.476504,33.64894],[-97.489597,33.662419],[-97.502687,33.675891],[-97.526516,33.681632],[-97.542523,33.681729]]},"properties":{"strokeweig":0.15,"name":"Elm Fk.  Trinity","featurecla":"River","scalerank":12,"min_zoom":7,"min_label":8,"ne_id":1159138757,"rivernum":22480,"dissolve":"22480River","name_alt":null,"note":"ID is link back to CEC data","name_full":"Elm Fork Trinity River","label":null,"wikidataid":null,"name_ar":null,"name_bn":null,"name_de":null,"name_en":null,"name_es":null,"name_fr":null,"name_el":null,"name_hi":null,"name_hu":null,"name_id":null,"name_it":null,"name_ja":null,"name_ko":null,"name_nl":null,"name_pl":null,"name_pt":null,"name_ru":null,"name_sv":null,"name_tr":null,"name_vi":null,"name_zh":null,"name_fa":null,"name_he":null,"name_uk":null,"name_ur":null,"name_zht":null,"_hydro_kind":"river","_source":"Natural Earth 10m"}},{"type":"Feature","geometry":{"type":"LineString","coordinates":[[-96.569155,31.631402],[-96.578062,31.644421],[-96.596233,31.655737],[-96.618186,31.658515],[-96.635117,31.658696],[-96.652047,31.658874],[-96.667777,31.665497],[-96.686711,31.676567],[-96.70565,31.687627],[-96.717378,31.697113],[-96.73407,31.70711],[-96.759662,31.718296],[-96.785384,31.729532],[-96.811066,31.740738],[-96.836652,31.751898],[-96.851225,31.761486],[-96.865802,31.771077],[-96.89233,31.785143]]},"properties":{"strokeweig":0.15,"name":"Navasota","featurecla":"River (Intermittent)","scalerank":11,"min_zoom":6.7,"min_label":7.7,"ne_id":1159138337,"rivernum":22384,"dissolve":"22384River","name_alt":null,"note":"ID is link back to CEC data","name_full":"Navasota River","label":"Navasota","wikidataid":"Q10595101","name_ar":null,"name_bn":null,"name_de":null,"name_en":"Navasota","name_es":null,"name_fr":"Navasota","name_el":null,"name_hi":null,"name_hu":null,"name_id":null,"name_it":null,"name_ja":null,"name_ko":null,"name_nl":null,"name_pl":null,"name_pt":null,"name_ru":null,"name_sv":"Navasota","name_tr":null,"name_vi":null,"name_zh":null,"name_fa":null,"name_he":null,"name_uk":null,"name_ur":null,"name_zht":null,"_hydro_kind":"river","_source":"Natural Earth 10m"}},{"type":"Feature","geometry":{"type":"LineString","coordinates":[[-98.413489,31.603892],[-98.403833,31.601935],[-98.384927,31.594372],[-98.366921,31.580873],[-98.353256,31.566292],[-98.343307,31.552875],[-98.327532,31.536683],[-98.314261,31.516174],[-98.302442,31.503208],[-98.286468,31.497048],[-98.273208,31.48862],[-98.259075,31.472087],[-98.244948,31.455557],[-98.226532,31.439053],[-98.208552,31.427359],[-98.199652,31.417619],[-98.194412,31.400178]]},"properties":{"strokeweig":0.15,"name":"Lampasas","featurecla":"River","scalerank":10,"min_zoom":6,"min_label":7,"ne_id":1159108559,"rivernum":22415,"dissolve":"22415River","name_alt":null,"note":"ID is link back to CEC data","name_full":"Lampasas River","label":null,"wikidataid":null,"name_ar":null,"name_bn":null,"name_de":null,"name_en":null,"name_es":null,"name_fr":null,"name_el":null,"name_hi":null,"name_hu":null,"name_id":null,"name_it":null,"name_ja":null,"name_ko":null,"name_nl":null,"name_pl":null,"name_pt":null,"name_ru":null,"name_sv":null,"name_tr":null,"name_vi":null,"name_zh":null,"name_fa":null,"name_he":null,"name_uk":null,"name_ur":null,"name_zht":null,"_hydro_kind":"river","_source":"Natural Earth 10m"}},{"type":"Feature","geometry":{"type":"LineString","coordinates":[[-98.651477,32.321476],[-98.654157,32.339387],[-98.662836,32.355432],[-98.68415,32.364961],[-98.710161,32.367548],[-98.729706,32.365105],[-98.754283,32.372664],[-98.778865,32.380217],[-98.79609,32.389977],[-98.816194,32.38861],[-98.833212,32.375573],[-98.842987,32.361253],[-98.852758,32.346931],[-98.867886,32.333175],[-98.882514,32.324331],[-98.903656,32.325233],[-98.926005,32.33639],[-98.947598,32.34386],[-98.966313,32.344716],[-98.981004,32.342374],[-98.99104,32.331539],[-98.992565,32.317853],[-98.99639,32.304427],[-99.014669,32.295934],[-99.036449,32.288175],[-99.050759,32.280327],[-99.066272,32.276344],[-99.07758,32.270279],[-99.090871,32.269913],[-99.100574,32.27362]]},"properties":{"strokeweig":0.15,"name":"Leon","featurecla":"River (Intermittent)","scalerank":11,"min_zoom":6.7,"min_label":7.7,"ne_id":1159108573,"rivernum":22433,"dissolve":"22433River (Intermittent)","name_alt":null,"note":"ID is link back to CEC data","name_full":null,"label":null,"wikidataid":"Q16894115","name_ar":null,"name_bn":null,"name_de":null,"name_en":null,"name_es":null,"name_fr":null,"name_el":null,"name_hi":null,"name_hu":null,"name_id":null,"name_it":null,"name_ja":null,"name_ko":null,"name_nl":null,"name_pl":null,"name_pt":null,"name_ru":null,"name_sv":null,"name_tr":null,"name_vi":null,"name_zh":null,"name_fa":null,"name_he":null,"name_uk":null,"name_ur":null,"name_zht":null,"_hydro_kind":"river","_source":"Natural Earth 10m"}},{"type":"Feature","geometry":{"type":"LineString","coordinates":[[-100.438323,30.587538],[-100.438262,30.578637],[-100.431816,30.565174],[-100.419817,30.552187],[-100.403854,30.542177],[-100.384981,30.534022],[-100.363995,30.527477],[-100.343834,30.523664],[-100.328397,30.515917],[-100.316821,30.50578],[-100.305255,30.495647],[-100.293829,30.488343],[-100.269396,30.476874],[-100.244977,30.465397],[-100.224435,30.46326],[-100.207189,30.457566],[-100.191425,30.455188],[-100.173685,30.464948],[-100.155955,30.474698],[-100.14323,30.480187],[-100.127056,30.480212],[-100.111956,30.48434],[-100.100309,30.493958],[-100.079497,30.492605],[-100.058679,30.491247],[-100.044092,30.483707],[-100.025006,30.476183]]},"properties":{"strokeweig":0.15,"name":"North Llano","featurecla":"River (Intermittent)","scalerank":11,"min_zoom":6.7,"min_label":7.7,"ne_id":1159138379,"rivernum":22393,"dissolve":"22393River (Intermittent)","name_alt":null,"note":"ID is link back to CEC data","name_full":null,"label":null,"wikidataid":null,"name_ar":null,"name_bn":null,"name_de":null,"name_en":null,"name_es":null,"name_fr":null,"name_el":null,"name_hi":null,"name_hu":null,"name_id":null,"name_it":null,"name_ja":null,"name_ko":null,"name_nl":null,"name_pl":null,"name_pt":null,"name_ru":null,"name_sv":null,"name_tr":null,"name_vi":null,"name_zh":null,"name_fa":null,"name_he":null,"name_uk":null,"name_ur":null,"name_zht":null,"_hydro_kind":"river","_source":"Natural Earth 10m"}},{"type":"Feature","geometry":{"type":"LineString","coordinates":[[-99.987933,30.227554],[-100.011232,30.22687],[-100.034605,30.226172],[-100.05795,30.225475],[-100.083061,30.227992],[-100.096297,30.232558],[-100.112426,30.242157],[-100.128558,30.251747],[-100.14838,30.250795],[-100.165815,30.245961],[-100.172408,30.237049],[-100.176619,30.227674],[-100.187697,30.21986],[-100.211066,30.212846],[-100.234432,30.205827],[-100.251578,30.198682],[-100.268728,30.191545],[-100.278744,30.185805],[-100.294324,30.189207],[-100.31076,30.198323],[-100.328207,30.204212],[-100.346725,30.206901],[-100.361004,30.210516],[-100.376325,30.211368],[-100.392938,30.205579],[-100.40429,30.203481],[-100.434147,30.202919],[-100.449747,30.20789],[-100.453724,30.210633]]},"properties":{"strokeweig":0.15,"name":"Llano","featurecla":"River (Intermittent)","scalerank":12,"min_zoom":7,"min_label":8,"ne_id":1159108545,"rivernum":22346,"dissolve":"22346River","name_alt":null,"note":"ID is link back to CEC data","name_full":"Llano","label":"Nueces","wikidataid":"Q1866844","name_ar":null,"name_bn":null,"name_de":null,"name_en":null,"name_es":null,"name_fr":null,"name_el":null,"name_hi":null,"name_hu":null,"name_id":null,"name_it":null,"name_ja":null,"name_ko":null,"name_nl":null,"name_pl":null,"name_pt":null,"name_ru":null,"name_sv":null,"name_tr":null,"name_vi":null,"name_zh":null,"name_fa":null,"name_he":null,"name_uk":null,"name_ur":null,"name_zht":null,"_hydro_kind":"river","_source":"Natural Earth 10m"}},{"type":"Feature","geometry":{"type":"LineString","coordinates":[[-103.03129,33.568932],[-103.024981,33.569545],[-103.003929,33.566896],[-102.98288,33.564249],[-102.971647,33.573184],[-102.960312,33.579626],[-102.94683,33.580435],[-102.933307,33.579843],[-102.918671,33.568168],[-102.904046,33.556484],[-102.881379,33.554776],[-102.861112,33.561873],[-102.850176,33.572184],[-102.835824,33.57504],[-102.819192,33.562696],[-102.80252,33.550312],[-102.78586,33.537931],[-102.764407,33.531381],[-102.747449,33.522794],[-102.742033,33.50973],[-102.736297,33.48781],[-102.731584,33.479044],[-102.711319,33.473942],[-102.691065,33.46884],[-102.676451,33.460532],[-102.66789,33.451405],[-102.653618,33.444446],[-102.632784,33.438216],[-102.617078,33.429688],[-102.589669,33.424063],[-102.576333,33.420055],[-102.562354,33.413091],[-102.552591,33.400994],[-102.537121,33.385868],[-102.521657,33.370739],[-102.500796,33.354361],[-102.480552,33.348761],[-102.460318,33.343156],[-102.442317,33.3209],[-102.42432,33.298647],[-102.417092,33.282092],[-102.403076,33.263936],[-102.389276,33.256607],[-102.377618,33.252528]]},"properties":{"strokeweig":0.15,"name":"Colorado","featurecla":"River (Intermittent)","scalerank":10,"min_zoom":6,"min_label":7,"ne_id":1159138693,"rivernum":22466,"dissolve":"22466River (Intermittent)","name_alt":null,"note":"ID is link back to CEC data","name_full":null,"label":null,"wikidataid":"Q847785","name_ar":null,"name_bn":null,"name_de":null,"name_en":null,"name_es":null,"name_fr":null,"name_el":null,"name_hi":null,"name_hu":null,"name_id":null,"name_it":null,"name_ja":null,"name_ko":null,"name_nl":null,"name_pl":null,"name_pt":null,"name_ru":null,"name_sv":null,"name_tr":null,"name_vi":null,"name_zh":null,"name_fa":null,"name_he":null,"name_uk":null,"name_ur":null,"name_zht":null,"_hydro_kind":"river","_source":"Natural Earth 10m"}},{"type":"Feature","geometry":{"type":"LineString","coordinates":[[-99.256574,29.802879],[-99.269328,29.816345],[-99.281775,29.836126],[-99.297978,29.84906],[-99.32324,29.863064],[-99.338218,29.867049],[-99.346961,29.875671],[-99.357771,29.874134],[-99.373076,29.86852],[-99.392544,29.867822],[-99.412018,29.867125],[-99.432585,29.862194],[-99.451045,29.854967],[-99.465995,29.85961],[-99.478105,29.860123],[-99.488879,29.862466],[-99.502907,29.869292],[-99.518438,29.870972],[-99.528777,29.879382],[-99.538963,29.891443],[-99.561808,29.904915]]},"properties":{"strokeweig":0.15,"name":null,"featurecla":"River","scalerank":11,"min_zoom":6.7,"min_label":7.7,"ne_id":1159136561,"rivernum":21990,"dissolve":"21990River","name_alt":null,"note":"ID is link back to CEC data","name_full":null,"label":null,"wikidataid":null,"name_ar":null,"name_bn":null,"name_de":null,"name_en":null,"name_es":null,"name_fr":null,"name_el":null,"name_hi":null,"name_hu":null,"name_id":null,"name_it":null,"name_ja":null,"name_ko":null,"name_nl":null,"name_pl":null,"name_pt":null,"name_ru":null,"name_sv":null,"name_tr":null,"name_vi":null,"name_zh":null,"name_fa":null,"name_he":null,"name_uk":null,"name_ur":null,"name_zht":null,"_hydro_kind":"river","_source":"Natural Earth 10m"}},{"type":"Feature","geometry":{"type":"LineString","coordinates":[[-99.646915,30.068645],[-99.641379,30.068177],[-99.628681,30.075913],[-99.60993,30.082261],[-99.592738,30.076493],[-99.575555,30.07072],[-99.558392,30.071553],[-99.539773,30.065747],[-99.521156,30.059937],[-99.504753,30.063529],[-99.486323,30.060709],[-99.470247,30.059948],[-99.458133,30.058293],[-99.434613,30.064806],[-99.404291,30.06327],[-99.380009,30.066541],[-99.366779,30.071962],[-99.355889,30.081069],[-99.342486,30.077811],[-99.334057,30.073627]]},"properties":{"strokeweig":0.15,"name":"Guadalupe","featurecla":"River","scalerank":10,"min_zoom":6,"min_label":7,"ne_id":1159108531,"rivernum":22376,"dissolve":"22376River","name_alt":null,"note":"ID is link back to CEC data","name_full":"Guadalupe River","label":"Guadalupe","wikidataid":"Q1552614","name_ar":null,"name_bn":null,"name_de":"Guadalupe","name_en":"Guadalupe","name_es":"Guadalupe","name_fr":"Guadalupe","name_el":null,"name_hi":null,"name_hu":null,"name_id":null,"name_it":null,"name_ja":"グアダルーペ川","name_ko":null,"name_nl":null,"name_pl":null,"name_pt":null,"name_ru":"Гуадалупе","name_sv":null,"name_tr":null,"name_vi":null,"name_zh":"瓜達盧佩河","name_fa":"رودخانه گوادالوپه","name_he":"גוודלופה","name_uk":null,"name_ur":null,"name_zht":"瓜達盧佩河","_hydro_kind":"river","_source":"Natural Earth 10m"}},{"type":"Feature","geometry":{"type":"LineString","coordinates":[[-100.87754,30.681632],[-100.872761,30.706237],[-100.867975,30.730847],[-100.875354,30.749063],[-100.887698,30.759265],[-100.900022,30.767734],[-100.910779,30.778828],[-100.924993,30.788638],[-100.936332,30.802943],[-100.944757,30.818528],[-100.956618,30.829644],[-100.971113,30.839906],[-100.993301,30.848378],[-101.011857,30.863295],[-101.026969,30.878483],[-101.041746,30.887702],[-101.05652,30.896929],[-101.073661,30.902225],[-101.089729,30.909371],[-101.104787,30.918386],[-101.123795,30.926185],[-101.149422,30.929115],[-101.175105,30.934803],[-101.188931,30.950405],[-101.200406,30.96969],[-101.209614,30.979432]]},"properties":{"strokeweig":0.15,"name":"Devils","featurecla":"River (Intermittent)","scalerank":11,"min_zoom":6.7,"min_label":7.7,"ne_id":1159109987,"rivernum":22379,"dissolve":"22379River (Intermittent)","name_alt":null,"note":"ID is link back to CEC data","name_full":null,"label":null,"wikidataid":"Q5267445","name_ar":null,"name_bn":null,"name_de":null,"name_en":null,"name_es":null,"name_fr":null,"name_el":null,"name_hi":null,"name_hu":null,"name_id":null,"name_it":null,"name_ja":null,"name_ko":null,"name_nl":null,"name_pl":null,"name_pt":null,"name_ru":null,"name_sv":null,"name_tr":null,"name_vi":null,"name_zh":null,"name_fa":null,"name_he":null,"name_uk":null,"name_ur":null,"name_zht":null,"_hydro_kind":"river","_source":"Natural Earth 10m"}},{"type":"Feature","geometry":{"type":"LineString","coordinates":[[-103.401823,30.066298],[-103.39788,30.060423],[-103.385599,30.053128],[-103.36885,30.050222],[-103.35693,30.045449],[-103.350849,30.035454],[-103.345816,30.022091],[-103.342468,30.006446],[-103.339128,29.990799],[-103.330264,29.973673],[-103.318793,29.956731],[-103.311202,29.941791],[-103.30362,29.926843],[-103.297883,29.903635],[-103.292156,29.880426],[-103.282749,29.865595],[-103.269037,29.852251],[-103.262013,29.840781],[-103.255646,29.83273],[-103.241664,29.821702],[-103.226042,29.80611],[-103.21189,29.79561]]},"properties":{"strokeweig":0.15,"name":"Maravillas","featurecla":"River (Intermittent)","scalerank":12,"min_zoom":7,"min_label":8,"ne_id":1159140993,"rivernum":22988,"dissolve":"22988River (Intermittent)","name_alt":null,"note":"ID is link back to CEC data","name_full":null,"label":null,"wikidataid":"Q15246559","name_ar":null,"name_bn":null,"name_de":null,"name_en":null,"name_es":null,"name_fr":null,"name_el":null,"name_hi":null,"name_hu":null,"name_id":null,"name_it":null,"name_ja":null,"name_ko":null,"name_nl":null,"name_pl":null,"name_pt":null,"name_ru":null,"name_sv":null,"name_tr":null,"name_vi":null,"name_zh":null,"name_fa":null,"name_he":null,"name_uk":null,"name_ur":null,"name_zht":null,"_hydro_kind":"river","_source":"Natural Earth 10m"}},{"type":"Feature","geometry":{"type":"LineString","coordinates":[[-98.932001,29.098034],[-98.930521,29.092055],[-98.940633,29.075527],[-98.950742,29.058998],[-98.950298,29.038992],[-98.949859,29.01892],[-98.94942,28.998866],[-98.947282,28.982553],[-98.933455,28.964758],[-98.923794,28.946057],[-98.919814,28.932483],[-98.91161,28.923229],[-98.910137,28.906581],[-98.913779,28.886613],[-98.913141,28.865174]]},"properties":{"strokeweig":0.15,"name":"San Miguel","featurecla":"River","scalerank":12,"min_zoom":7,"min_label":8,"ne_id":1159138193,"rivernum":22357,"dissolve":"22357River (Intermittent)","name_alt":null,"note":"ID is link back to CEC data","name_full":null,"label":null,"wikidataid":null,"name_ar":null,"name_bn":null,"name_de":null,"name_en":null,"name_es":null,"name_fr":null,"name_el":null,"name_hi":null,"name_hu":null,"name_id":null,"name_it":null,"name_ja":null,"name_ko":null,"name_nl":null,"name_pl":null,"name_pt":null,"name_ru":null,"name_sv":null,"name_tr":null,"name_vi":null,"name_zh":null,"name_fa":null,"name_he":null,"name_uk":null,"name_ur":null,"name_zht":null,"_hydro_kind":"river","_source":"Natural Earth 10m"}},{"type":"Feature","geometry":{"type":"LineString","coordinates":[[-99.75447,29.732877],[-99.761788,29.74825],[-99.766079,29.760158],[-99.767356,29.775265],[-99.772186,29.78627],[-99.773213,29.796131],[-99.772905,29.812608],[-99.779703,29.827745],[-99.777287,29.847624],[-99.774867,29.867567],[-99.772445,29.887486],[-99.777935,29.900768],[-99.789614,29.914184],[-99.801298,29.927598],[-99.809175,29.939515],[-99.811789,29.948208],[-99.811489,29.960336],[-99.816982,29.98026]]},"properties":{"strokeweig":0.15,"name":"Frio","featurecla":"River","scalerank":11,"min_zoom":6.7,"min_label":7.7,"ne_id":1159138267,"rivernum":22374,"dissolve":"22374River","name_alt":null,"note":"ID is link back to CEC data","name_full":"Frio River","label":"Frio","wikidataid":"Q3433689","name_ar":null,"name_bn":null,"name_de":null,"name_en":"Frio","name_es":null,"name_fr":"Frio","name_el":null,"name_hi":null,"name_hu":"Frio","name_id":null,"name_it":null,"name_ja":"フリオ川","name_ko":null,"name_nl":null,"name_pl":null,"name_pt":null,"name_ru":null,"name_sv":null,"name_tr":null,"name_vi":null,"name_zh":"弗裏奧河","name_fa":"رودخانه فریو","name_he":null,"name_uk":null,"name_ur":null,"name_zht":"弗裏奧河","_hydro_kind":"river","_source":"Natural Earth 10m"}},{"type":"Feature","geometry":{"type":"LineString","coordinates":[[-100.031892,29.782386],[-100.021126,29.792007],[-100.020612,29.808021],[-100.02705,29.827484],[-100.026789,29.842166],[-100.023963,29.858873],[-100.021137,29.875574],[-100.014043,29.892734],[-100.002999,29.90763],[-100.003506,29.921371],[-100.013507,29.938075],[-100.017459,29.953928],[-100.021413,29.969781],[-100.029859,29.984198],[-100.04079,29.99711],[-100.054258,30.008574],[-100.065982,30.021619],[-100.079944,30.026649],[-100.108168,30.027086],[-100.117397,30.029359],[-100.13349,30.035265],[-100.157481,30.029287],[-100.166962,30.021962]]},"properties":{"strokeweig":0.15,"name":"Nueces","featurecla":"River","scalerank":10,"min_zoom":6,"min_label":7,"ne_id":1159108545,"rivernum":22346,"dissolve":"22346River","name_alt":null,"note":"ID is link back to CEC data","name_full":"Nueces River","label":"Nueces","wikidataid":"Q1468723","name_ar":null,"name_bn":null,"name_de":"Nueces","name_en":"Nueces","name_es":"Nueces","name_fr":"Nueces","name_el":null,"name_hi":null,"name_hu":null,"name_id":null,"name_it":"Nueces","name_ja":"ヌエセス川","name_ko":"누에시스강","name_nl":"Nueces","name_pl":"Nueces","name_pt":"Nueces","name_ru":"Нуэсес","name_sv":"Nueces","name_tr":null,"name_vi":null,"name_zh":"努埃塞斯河","name_fa":null,"name_he":null,"name_uk":"Нуесес","name_ur":null,"name_zht":"努埃塞斯河","_hydro_kind":"river","_source":"Natural Earth 10m"}},{"type":"Feature","geometry":{"type":"LineString","coordinates":[[-100.248614,32.715093],[-100.266656,32.725007],[-100.284688,32.7349],[-100.303821,32.749774],[-100.322968,32.764638],[-100.335272,32.772112],[-100.357389,32.77909],[-100.37759,32.782215],[-100.402698,32.783952],[-100.421293,32.792079],[-100.446598,32.789949],[-100.471991,32.787802],[-100.497355,32.785656],[-100.515217,32.781951],[-100.537318,32.770247],[-100.559487,32.758504],[-100.58163,32.746769],[-100.597867,32.730509],[-100.613847,32.717228],[-100.629583,32.708707],[-100.660052,32.702602],[-100.674177,32.697525],[-100.687018,32.701548],[-100.70119,32.701454],[-100.716128,32.697034],[-100.734857,32.689856],[-100.749175,32.676769],[-100.748267,32.665872],[-100.744401,32.661126]]},"properties":{"strokeweig":0.15,"name":"Clear Fk.  Brazos","featurecla":"River","scalerank":11,"min_zoom":6.7,"min_label":7.7,"ne_id":1159108585,"rivernum":22446,"dissolve":"22446River","name_alt":null,"note":"ID is link back to CEC data","name_full":"Clear Fork Brazos River","label":null,"wikidataid":null,"name_ar":null,"name_bn":null,"name_de":null,"name_en":null,"name_es":null,"name_fr":null,"name_el":null,"name_hi":null,"name_hu":null,"name_id":null,"name_it":null,"name_ja":null,"name_ko":null,"name_nl":null,"name_pl":null,"name_pt":null,"name_ru":null,"name_sv":null,"name_tr":null,"name_vi":null,"name_zh":null,"name_fa":null,"name_he":null,"name_uk":null,"name_ur":null,"name_zht":null,"_hydro_kind":"river","_source":"Natural Earth 10m"}},{"type":"Feature","geometry":{"type":"LineString","coordinates":[[-100.100068,33.96473],[-100.100335,33.960184],[-100.081574,33.953349],[-100.062809,33.94651],[-100.042561,33.928078],[-100.032668,33.915992],[-100.022784,33.903892],[-100.018082,33.895254],[-100.008952,33.888438],[-99.993739,33.884117],[-99.971613,33.87423],[-99.949493,33.864339],[-99.932889,33.860691],[-99.917696,33.865006],[-99.901664,33.861806],[-99.889212,33.86383],[-99.880074,33.87338],[-99.874833,33.860879],[-99.873201,33.846325],[-99.85634,33.841296],[-99.83868,33.827384],[-99.82542,33.820328],[-99.810774,33.822815],[-99.797944,33.819037],[-99.781067,33.817861],[-99.766568,33.819082],[-99.752635,33.815192],[-99.736902,33.803778],[-99.728755,33.803555],[-99.721269,33.80922]]},"properties":{"strokeweig":0.15,"name":"North Wichita","featurecla":"River","scalerank":12,"min_zoom":7,"min_label":8,"ne_id":1159138819,"rivernum":22495,"dissolve":"22495River","name_alt":null,"note":"ID is link back to CEC data","name_full":"North Wichita River","label":"N. Wichita","wikidataid":"Q9372502","name_ar":null,"name_bn":null,"name_de":null,"name_en":"Wichita","name_es":null,"name_fr":null,"name_el":null,"name_hi":null,"name_hu":null,"name_id":null,"name_it":null,"name_ja":null,"name_ko":null,"name_nl":"Wichita","name_pl":"Wichita","name_pt":null,"name_ru":null,"name_sv":null,"name_tr":null,"name_vi":null,"name_zh":null,"name_fa":null,"name_he":null,"name_uk":null,"name_ur":null,"name_zht":null,"_hydro_kind":"river","_source":"Natural Earth 10m"}},{"type":"Feature","geometry":{"type":"LineString","coordinates":[[-99.715767,33.640561],[-99.741988,33.642973],[-99.76819,33.645374],[-99.777291,33.643815],[-99.791619,33.642471],[-99.809815,33.646814],[-99.825953,33.64877],[-99.842084,33.650723],[-99.85613,33.657336],[-99.867691,33.667153],[-99.887567,33.66581]]},"properties":{"strokeweig":0.15,"name":"Wichita","featurecla":"River","scalerank":11,"min_zoom":6.7,"min_label":7.7,"ne_id":1159108761,"rivernum":22491,"dissolve":"22491River","name_alt":null,"note":"ID is link back to CEC data","name_full":"Wichita","label":"S. Wichita","wikidataid":"Q9372502","name_ar":null,"name_bn":null,"name_de":null,"name_en":null,"name_es":null,"name_fr":null,"name_el":null,"name_hi":null,"name_hu":null,"name_id":null,"name_it":null,"name_ja":null,"name_ko":null,"name_nl":null,"name_pl":null,"name_pt":null,"name_ru":null,"name_sv":null,"name_tr":null,"name_vi":null,"name_zh":null,"name_fa":null,"name_he":null,"name_uk":null,"name_ur":null,"name_zht":null,"_hydro_kind":"river","_source":"Natural Earth 10m"}},{"type":"Feature","geometry":{"type":"LineString","coordinates":[[-99.887567,33.66581],[-99.896666,33.666711],[-99.914861,33.671968],[-99.936519,33.672607],[-99.958179,33.673248],[-99.974454,33.652894],[-99.994582,33.652771],[-100.007278,33.661667],[-100.022709,33.663374],[-100.040928,33.657895],[-100.050833,33.64584],[-100.062697,33.639004],[-100.073723,33.641492]]},"properties":{"strokeweig":0.15,"name":"Wichita","featurecla":"River (Intermittent)","scalerank":11,"min_zoom":6.7,"min_label":7.7,"ne_id":1159138797,"rivernum":22490,"dissolve":"22490River (Intermittent)","name_alt":null,"note":"ID is link back to CEC data","name_full":null,"label":null,"wikidataid":"Q9372502","name_ar":null,"name_bn":null,"name_de":null,"name_en":null,"name_es":null,"name_fr":null,"name_el":null,"name_hi":null,"name_hu":null,"name_id":null,"name_it":null,"name_ja":null,"name_ko":null,"name_nl":null,"name_pl":null,"name_pt":null,"name_ru":null,"name_sv":null,"name_tr":null,"name_vi":null,"name_zh":null,"name_fa":null,"name_he":null,"name_uk":null,"name_ur":null,"name_zht":null,"_hydro_kind":"river","_source":"Natural Earth 10m"}},{"type":"Feature","geometry":{"type":"LineString","coordinates":[[-102.875045,36.37001],[-102.866001,36.365248],[-102.856451,36.354823],[-102.847345,36.340513],[-102.828733,36.327688],[-102.808679,36.31931],[-102.794522,36.311147],[-102.778581,36.304496],[-102.754949,36.299145],[-102.74252,36.286708],[-102.734405,36.269904],[-102.726274,36.253042],[-102.718141,36.236197],[-102.702729,36.22794],[-102.686757,36.227968],[-102.666595,36.223177]]},"properties":{"strokeweig":0.15,"name":"Rita Blanca","featurecla":"River","scalerank":12,"min_zoom":7,"min_label":8,"ne_id":1159139229,"rivernum":22590,"dissolve":"22590River","name_alt":null,"note":"ID is link back to CEC data","name_full":"Rita Blanca Creek","label":null,"wikidataid":null,"name_ar":null,"name_bn":null,"name_de":null,"name_en":null,"name_es":null,"name_fr":null,"name_el":null,"name_hi":null,"name_hu":null,"name_id":null,"name_it":null,"name_ja":null,"name_ko":null,"name_nl":null,"name_pl":null,"name_pt":null,"name_ru":null,"name_sv":null,"name_tr":null,"name_vi":null,"name_zh":null,"name_fa":null,"name_he":null,"name_uk":null,"name_ur":null,"name_zht":null,"_hydro_kind":"river","_source":"Natural Earth 10m"}},{"type":"Feature","geometry":{"type":"LineString","coordinates":[[-102.988983,35.92748],[-102.997064,35.944986],[-103.013008,35.95978],[-103.034356,35.963221],[-103.046735,35.961754],[-103.068301,35.970669],[-103.078068,35.982727],[-103.086002,35.998131],[-103.095551,36.012418],[-103.105822,36.033995],[-103.118762,36.041568],[-103.130935,36.043445],[-103.151114,36.051879],[-103.17129,36.060316],[-103.178926,36.069109],[-103.188629,36.076139],[-103.20112,36.077357],[-103.215167,36.082459],[-103.226188,36.084751]]},"properties":{"strokeweig":0.15,"name":"Punta de Agua","featurecla":"River","scalerank":12,"min_zoom":7,"min_label":8,"ne_id":1159139123,"rivernum":22566,"dissolve":"22566River","name_alt":null,"note":"ID is link back to CEC data","name_full":"Punta De Agua Creek","label":null,"wikidataid":"Q7260563","name_ar":null,"name_bn":null,"name_de":null,"name_en":null,"name_es":null,"name_fr":null,"name_el":null,"name_hi":null,"name_hu":null,"name_id":null,"name_it":null,"name_ja":null,"name_ko":null,"name_nl":null,"name_pl":null,"name_pt":null,"name_ru":null,"name_sv":null,"name_tr":null,"name_vi":null,"name_zh":null,"name_fa":null,"name_he":null,"name_uk":null,"name_ur":null,"name_zht":null,"_hydro_kind":"river","_source":"Natural Earth 10m"}},{"type":"Feature","geometry":{"type":"LineString","coordinates":[[-100.893721,35.216176],[-100.909828,35.22082],[-100.931649,35.222546],[-100.955228,35.218489],[-100.974862,35.211521],[-100.993865,35.206762],[-101.012865,35.202],[-101.033852,35.204678],[-101.055436,35.21903],[-101.070012,35.235003],[-101.079215,35.247641],[-101.084431,35.258023],[-101.093839,35.267008],[-101.109128,35.277703],[-101.124422,35.288395],[-101.143216,35.293101],[-101.165195,35.294376],[-101.186126,35.298484],[-101.201803,35.292056],[-101.219382,35.281192],[-101.23276,35.29037],[-101.245979,35.30636],[-101.266186,35.309659],[-101.286393,35.312948],[-101.304444,35.314347],[-101.315572,35.305951],[-101.327757,35.292854],[-101.339729,35.285118],[-101.356249,35.287549],[-101.37277,35.289978],[-101.385629,35.284838],[-101.388957,35.281143]]},"properties":{"strokeweig":0.15,"name":"North Fork Red","featurecla":"River (Intermittent)","scalerank":11,"min_zoom":6.7,"min_label":7.7,"ne_id":1159139085,"rivernum":22556,"dissolve":"22556River (Intermittent)","name_alt":null,"note":"ID is link back to CEC data","name_full":null,"label":null,"wikidataid":"Q7055420","name_ar":null,"name_bn":null,"name_de":null,"name_en":null,"name_es":null,"name_fr":null,"name_el":null,"name_hi":null,"name_hu":null,"name_id":null,"name_it":null,"name_ja":null,"name_ko":null,"name_nl":null,"name_pl":null,"name_pt":null,"name_ru":null,"name_sv":null,"name_tr":null,"name_vi":null,"name_zh":null,"name_fa":null,"name_he":null,"name_uk":null,"name_ur":null,"name_zht":null,"_hydro_kind":"river","_source":"Natural Earth 10m"}},{"type":"Feature","geometry":{"type":"LineString","coordinates":[[-100.070937,35.736318],[-100.096421,35.725183],[-100.115678,35.722915],[-100.141461,35.725164],[-100.165532,35.719449],[-100.186225,35.719422],[-100.209475,35.727436],[-100.23273,35.735439],[-100.253412,35.735388],[-100.273225,35.731261],[-100.285379,35.725576],[-100.301533,35.725993],[-100.324044,35.728535],[-100.343568,35.720077],[-100.362089,35.714029],[-100.387163,35.714395],[-100.412238,35.714755],[-100.434567,35.719499],[-100.456899,35.724232],[-100.479295,35.724384],[-100.50406,35.722575],[-100.525247,35.714759],[-100.538322,35.702123],[-100.554751,35.681972]]},"properties":{"strokeweig":0.15,"name":"Washita","featurecla":"River","scalerank":10,"min_zoom":6,"min_label":7,"ne_id":1159107069,"rivernum":22519,"dissolve":"22519River","name_alt":null,"note":"ID is link back to CEC data","name_full":"Washita River","label":"Washita","wikidataid":"Q2993598","name_ar":null,"name_bn":null,"name_de":"Washita","name_en":"Washita","name_es":null,"name_fr":"Washita","name_el":null,"name_hi":null,"name_hu":null,"name_id":null,"name_it":null,"name_ja":null,"name_ko":null,"name_nl":null,"name_pl":"Washita","name_pt":null,"name_ru":"Уошито","name_sv":null,"name_tr":null,"name_vi":null,"name_zh":"沃希托河","name_fa":null,"name_he":"נהר ואשיטה","name_uk":null,"name_ur":null,"name_zht":"沃希托河","_hydro_kind":"river","_source":"Natural Earth 10m"}},{"type":"Feature","geometry":{"type":"LineString","coordinates":[[-101.378569,28.807742],[-101.368026,28.793347],[-101.35201,28.797717],[-101.335987,28.802084],[-101.322685,28.792607],[-101.308136,28.789385],[-101.292283,28.792402],[-101.279499,28.788331],[-101.253064,28.777423],[-101.239072,28.779652],[-101.221407,28.790216],[-101.200089,28.792913],[-101.179118,28.787411],[-101.159563,28.777372],[-101.137344,28.773278],[-101.112373,28.775114],[-101.088739,28.769324],[-101.065095,28.763523],[-101.041528,28.75773],[-101.021393,28.74618],[-101.001457,28.738419],[-100.971168,28.736158],[-100.940874,28.733887],[-100.919066,28.736358],[-100.89702,28.741997],[-100.881265,28.751104],[-100.871739,28.76371],[-100.860783,28.774091],[-100.848333,28.782286],[-100.845104,28.793891],[-100.843336,28.807123],[-100.833827,28.81858],[-100.821315,28.827275],[-100.798647,28.831266],[-100.777176,28.840447],[-100.76258,28.848822],[-100.746501,28.849247],[-100.731948,28.855206],[-100.713374,28.865686],[-100.694795,28.876163],[-100.678522,28.880022],[-100.660876,28.878221],[-100.637325,28.884711],[-100.621128,28.893539],[-100.607779,28.910346]]},"properties":{"strokeweig":0.2,"name":"Rio San Rodrigo","featurecla":"River","scalerank":11,"min_zoom":6.7,"min_label":7.7,"ne_id":1159138221,"rivernum":22363,"dissolve":"22363River","name_alt":null,"note":"ID is link back to CEC data","name_full":"San Rodrigo","label":"San Rodrigo","wikidataid":"Q7335325","name_ar":null,"name_bn":null,"name_de":null,"name_en":"San Rodrigo","name_es":null,"name_fr":null,"name_el":null,"name_hi":null,"name_hu":null,"name_id":null,"name_it":null,"name_ja":null,"name_ko":null,"name_nl":null,"name_pl":null,"name_pt":null,"name_ru":null,"name_sv":null,"name_tr":null,"name_vi":null,"name_zh":null,"name_fa":null,"name_he":null,"name_uk":null,"name_ur":null,"name_zht":null,"_hydro_kind":"river","_source":"Natural Earth 10m"}},{"type":"Feature","geometry":{"type":"LineString","coordinates":[[-101.658927,33.532537],[-101.683689,33.538688],[-101.700838,33.539048],[-101.729257,33.534757],[-101.757674,33.530458],[-101.771821,33.535356],[-101.780092,33.547529],[-101.789978,33.558613],[-101.801509,33.568659],[-101.8117,33.574744],[-101.820746,33.58485],[-101.82467,33.594094]]},"properties":{"strokeweig":0.2,"name":"Double Mountain Fork Brazos","featurecla":"River (Intermittent)","scalerank":10,"min_zoom":6,"min_label":7,"ne_id":1159138751,"rivernum":22479,"dissolve":"22479River (Intermittent)","name_alt":null,"note":"ID is link back to CEC data","name_full":null,"label":null,"wikidataid":"Q5299851","name_ar":null,"name_bn":null,"name_de":null,"name_en":null,"name_es":null,"name_fr":null,"name_el":null,"name_hi":null,"name_hu":null,"name_id":null,"name_it":null,"name_ja":null,"name_ko":null,"name_nl":null,"name_pl":null,"name_pt":null,"name_ru":null,"name_sv":null,"name_tr":null,"name_vi":null,"name_zh":null,"name_fa":null,"name_he":null,"name_uk":null,"name_ur":null,"name_zht":null,"_hydro_kind":"river","_source":"Natural Earth 10m"}},{"type":"Feature","geometry":{"type":"LineString","coordinates":[[-101.82467,33.594094],[-101.831533,33.610255],[-101.842327,33.635658],[-101.847422,33.652406],[-101.856388,33.669789],[-101.859769,33.684753],[-101.858133,33.697279],[-101.862926,33.712762],[-101.864707,33.732576],[-101.86649,33.752389],[-101.86545,33.766978],[-101.867096,33.783559],[-101.873299,33.799842],[-101.894257,33.818762],[-101.915233,33.837677],[-101.934625,33.84941],[-101.95185,33.861898],[-101.969103,33.874399],[-101.986309,33.886853],[-102.006704,33.894695],[-102.030257,33.89562],[-102.05174,33.902504],[-102.065094,33.915928],[-102.063062,33.928132],[-102.055944,33.941673],[-102.05596,33.957924],[-102.068045,33.974636],[-102.080128,33.991346],[-102.098323,34.008314],[-102.119625,34.017248],[-102.135896,34.014441],[-102.155965,34.00885],[-102.175396,34.010069],[-102.187288,34.018927],[-102.196514,34.03105],[-102.206438,34.03905],[-102.220392,34.032872],[-102.242107,34.026771],[-102.26301,34.026263],[-102.278674,34.021179],[-102.297758,34.02455],[-102.311957,34.035632],[-102.311763,34.05303],[-102.311576,34.070421],[-102.324276,34.07743],[-102.347505,34.080031],[-102.376133,34.081039],[-102.398184,34.090249],[-102.399082,34.110123],[-102.385328,34.132487],[-102.384881,34.154187],[-102.388164,34.170939],[-102.396097,34.184633],[-102.417189,34.193053],[-102.437269,34.194915],[-102.458522,34.200133],[-102.478717,34.214709],[-102.495839,34.224478],[-102.512225,34.22345],[-102.527778,34.21913],[-102.547519,34.219378],[-102.568069,34.223588],[-102.584479,34.223907],[-102.60617,34.220118],[-102.62786,34.216336],[-102.647641,34.217482],[-102.675531,34.215],[-102.703565,34.212493]]},"properties":{"strokeweig":0.2,"name":"Blackwater Draw","featurecla":"River (Intermittent)","scalerank":10,"min_zoom":6,"min_label":7,"ne_id":1159138751,"rivernum":22479,"dissolve":"22479River (Intermittent)","name_alt":null,"note":"ID is link back to CEC data","name_full":null,"label":null,"wikidataid":"Q5299851","name_ar":null,"name_bn":null,"name_de":null,"name_en":null,"name_es":null,"name_fr":null,"name_el":null,"name_hi":null,"name_hu":null,"name_id":null,"name_it":null,"name_ja":null,"name_ko":null,"name_nl":null,"name_pl":null,"name_pt":null,"name_ru":null,"name_sv":null,"name_tr":null,"name_vi":null,"name_zh":null,"name_fa":null,"name_he":null,"name_uk":null,"name_ur":null,"name_zht":null,"_hydro_kind":"river","_source":"Natural Earth 10m"}},{"type":"Feature","geometry":{"type":"LineString","coordinates":[[-94.161704,33.311662],[-94.150232,33.303044],[-94.127445,33.297032],[-94.104765,33.302265],[-94.086235,33.299032],[-94.067707,33.29579],[-94.056469,33.290657],[-94.048567,33.276558],[-94.029874,33.268056],[-94.013544,33.257748],[-94.003583,33.243156],[-93.981227,33.235627],[-93.958876,33.228094],[-93.943471,33.215828],[-93.935005,33.199938],[-93.926032,33.191911],[-93.9116,33.184632],[-93.899269,33.173451],[-93.894344,33.162614],[-93.890502,33.145149],[-93.880479,33.127533],[-93.868464,33.116843],[-93.861397,33.114937]]},"properties":{"strokeweig":0.2,"name":"Sulphur","featurecla":"River","scalerank":12,"min_zoom":7,"min_label":8,"ne_id":1159138675,"rivernum":22461,"dissolve":"22461River","name_alt":null,"note":"ID is link back to CEC data","name_full":"Sulphur River","label":"Sulphur","wikidataid":"Q7636531","name_ar":null,"name_bn":null,"name_de":null,"name_en":"Sulphur","name_es":null,"name_fr":null,"name_el":null,"name_hi":null,"name_hu":null,"name_id":null,"name_it":null,"name_ja":null,"name_ko":null,"name_nl":null,"name_pl":null,"name_pt":null,"name_ru":null,"name_sv":null,"name_tr":null,"name_vi":null,"name_zh":null,"name_fa":"سولفور ریور","name_he":null,"name_uk":null,"name_ur":null,"name_zht":null,"_hydro_kind":"river","_source":"Natural Earth 10m"}},{"type":"Feature","geometry":{"type":"LineString","coordinates":[[-94.5019,32.753274],[-94.50098,32.748994],[-94.493465,32.741419],[-94.478309,32.739321],[-94.460242,32.73823],[-94.441156,32.733634],[-94.42834,32.735512],[-94.39896,32.743646],[-94.369574,32.751771],[-94.353679,32.748695],[-94.339575,32.755988],[-94.325468,32.763274],[-94.303424,32.761712],[-94.291079,32.764514],[-94.283827,32.762781],[-94.26932,32.755655],[-94.25479,32.752872],[-94.242718,32.746111],[-94.236651,32.73349],[-94.236818,32.719809],[-94.22912,32.707556],[-94.213156,32.700234],[-94.196771,32.69642],[-94.182588,32.694444],[-94.173355,32.701168],[-94.166887,32.714779],[-94.154563,32.723175],[-94.136334,32.726388],[-94.127236,32.72799]]},"properties":{"strokeweig":0.2,"name":"Big Cypress Bayou","featurecla":"River","scalerank":12,"min_zoom":7,"min_label":8,"ne_id":1159138633,"rivernum":22450,"dissolve":"22450River","name_alt":null,"note":"ID is link back to CEC data","name_full":"Big Cypress Bayou","label":"Big Cypress Bayou","wikidataid":"Q4905518","name_ar":null,"name_bn":null,"name_de":null,"name_en":"Big Cypress Bayou","name_es":null,"name_fr":null,"name_el":null,"name_hi":null,"name_hu":null,"name_id":null,"name_it":null,"name_ja":null,"name_ko":null,"name_nl":null,"name_pl":null,"name_pt":null,"name_ru":null,"name_sv":null,"name_tr":null,"name_vi":null,"name_zh":null,"name_fa":null,"name_he":null,"name_uk":null,"name_ur":null,"name_zht":null,"_hydro_kind":"river","_source":"Natural Earth 10m"}},{"type":"Feature","geometry":{"type":"LineString","coordinates":[[-94.757246,32.922251],[-94.749952,32.919382],[-94.735353,32.913635],[-94.722794,32.904537],[-94.717513,32.898291],[-94.706954,32.885823]]},"properties":{"strokeweig":0.2,"name":"Big Cypress Bayou","featurecla":"River","scalerank":12,"min_zoom":7,"min_label":8,"ne_id":1159138633,"rivernum":22450,"dissolve":"22450River","name_alt":null,"note":"ID is link back to CEC data","name_full":"Big Cypress Bayou","label":"Big Cypress Bayou","wikidataid":"Q4905518","name_ar":null,"name_bn":null,"name_de":null,"name_en":"Big Cypress Bayou","name_es":null,"name_fr":null,"name_el":null,"name_hi":null,"name_hu":null,"name_id":null,"name_it":null,"name_ja":null,"name_ko":null,"name_nl":null,"name_pl":null,"name_pt":null,"name_ru":null,"name_sv":null,"name_tr":null,"name_vi":null,"name_zh":null,"name_fa":null,"name_he":null,"name_uk":null,"name_ur":null,"name_zht":null,"_hydro_kind":"river","_source":"Natural Earth 10m"}},{"type":"Feature","geometry":{"type":"LineString","coordinates":[[-94.957631,31.682232],[-94.952225,31.667541],[-94.946731,31.643543],[-94.937553,31.621384],[-94.928346,31.599153],[-94.919158,31.576943],[-94.903888,31.575792],[-94.892537,31.576648],[-94.894744,31.563051],[-94.89227,31.547068],[-94.878171,31.533903],[-94.864077,31.520742],[-94.848844,31.508855],[-94.833608,31.49696],[-94.81567,31.487662],[-94.792835,31.482925],[-94.772858,31.476518],[-94.752822,31.470089],[-94.732803,31.463662],[-94.712637,31.461653],[-94.692472,31.459639],[-94.670312,31.451592],[-94.659258,31.447566]]},"properties":{"strokeweig":0.2,"name":"Angelina","featurecla":"River","scalerank":12,"min_zoom":7,"min_label":8,"ne_id":1159108691,"rivernum":23003,"dissolve":"23003River","name_alt":null,"note":"ID is link back to CEC data","name_full":"Angelina River","label":"Angelina","wikidataid":"Q4762748","name_ar":null,"name_bn":null,"name_de":"Angelina","name_en":"Angelina","name_es":null,"name_fr":null,"name_el":null,"name_hi":null,"name_hu":null,"name_id":null,"name_it":null,"name_ja":null,"name_ko":null,"name_nl":null,"name_pl":null,"name_pt":null,"name_ru":null,"name_sv":null,"name_tr":null,"name_vi":null,"name_zh":"安杰利纳河","name_fa":null,"name_he":null,"name_uk":null,"name_ur":null,"name_zht":"安杰利纳河","_hydro_kind":"river","_source":"Natural Earth 10m"}},{"type":"Feature","geometry":{"type":"LineString","coordinates":[[-94.186968,30.889559],[-94.185521,30.89443],[-94.170986,30.902967],[-94.158443,30.913971],[-94.159536,30.928683],[-94.168732,30.949407],[-94.177933,30.970131],[-94.178019,30.989463],[-94.168183,31.003389],[-94.15116,31.011537],[-94.133133,31.016979],[-94.126409,31.032413],[-94.11802,31.044791],[-94.102699,31.038468],[-94.090555,31.040106],[-94.082392,31.056638],[-94.078631,31.064021]]},"properties":{"strokeweig":0.2,"name":"Angelina","featurecla":"River","scalerank":12,"min_zoom":7,"min_label":8,"ne_id":1159138465,"rivernum":22412,"dissolve":"22412River","name_alt":null,"note":"ID is link back to CEC data","name_full":"Angelina River","label":"Angelina","wikidataid":"Q4762748","name_ar":null,"name_bn":null,"name_de":"Angelina","name_en":"Angelina","name_es":null,"name_fr":null,"name_el":null,"name_hi":null,"name_hu":null,"name_id":null,"name_it":null,"name_ja":null,"name_ko":null,"name_nl":null,"name_pl":null,"name_pt":null,"name_ru":null,"name_sv":null,"name_tr":null,"name_vi":null,"name_zh":"安杰利纳河","name_fa":null,"name_he":null,"name_uk":null,"name_ur":null,"name_zht":"安杰利纳河","_hydro_kind":"river","_source":"Natural Earth 10m"}},{"type":"Feature","geometry":{"type":"LineString","coordinates":[[-95.476409,32.216959],[-95.467299,32.20541],[-95.464456,32.18888],[-95.468389,32.171245],[-95.47232,32.15361],[-95.471133,32.138437],[-95.46633,32.123895],[-95.457422,32.112356],[-95.444397,32.103758],[-95.435907,32.087941],[-95.431912,32.064837],[-95.425967,32.046769],[-95.425605,32.034215],[-95.429121,32.019986],[-95.440496,32.00298],[-95.451861,31.985971],[-95.449897,31.970593],[-95.447934,31.955215],[-95.441912,31.942404],[-95.429043,31.930918],[-95.42554,31.921424],[-95.430385,31.905089],[-95.434246,31.879894],[-95.439049,31.865428],[-95.443851,31.850967],[-95.434686,31.841247],[-95.419182,31.833996],[-95.408156,31.82394],[-95.401373,31.810419],[-95.399899,31.793804],[-95.398425,31.777194],[-95.390104,31.762469],[-95.371783,31.752801],[-95.360616,31.745495],[-95.353229,31.738122],[-95.340899,31.732114],[-95.338981,31.723355],[-95.333753,31.71127],[-95.320049,31.705897],[-95.309465,31.697915],[-95.293389,31.68263],[-95.280849,31.666811],[-95.282562,31.646769],[-95.28029,31.63045],[-95.267522,31.618499],[-95.266109,31.601432],[-95.264704,31.584365],[-95.24556,31.57577],[-95.230704,31.576721],[-95.217587,31.575724],[-95.194858,31.577947],[-95.176436,31.584678],[-95.163123,31.580355],[-95.147946,31.568503],[-95.144143,31.557947],[-95.143647,31.54833],[-95.129605,31.540285],[-95.115566,31.532245],[-95.101051,31.518813],[-95.097517,31.506095],[-95.104835,31.491789],[-95.105979,31.477677],[-95.089522,31.469863],[-95.072279,31.470446],[-95.060865,31.466072],[-95.052176,31.454271],[-95.044133,31.447524],[-95.014817,31.443808],[-95.008688,31.438858],[-95.009078,31.428136],[-94.994219,31.416517],[-94.978945,31.407359],[-94.970528,31.398283],[-94.958511,31.388606],[-94.956209,31.380288],[-94.957684,31.356579],[-94.954776,31.347303],[-94.931758,31.340081],[-94.908743,31.332853],[-94.899181,31.318589],[-94.898095,31.301846],[-94.889631,31.291518],[-94.886754,31.281782],[-94.896857,31.266241],[-94.894181,31.257433],[-94.884577,31.252406],[-94.875318,31.246282],[-94.865474,31.232582],[-94.86417,31.218172],[-94.862867,31.203761],[-94.856088,31.188115],[-94.853194,31.172569],[-94.854189,31.157052],[-94.842519,31.144965],[-94.818154,31.136269],[-94.795731,31.133514],[-94.776749,31.129214],[-94.754262,31.119244],[-94.733726,31.112467],[-94.71318,31.105686],[-94.692698,31.098918],[-94.677113,31.095887],[-94.663391,31.090883],[-94.650673,31.089126],[-94.635611,31.088626],[-94.619034,31.084157],[-94.605738,31.076893],[-94.589577,31.07062],[-94.565331,31.063369],[-94.541097,31.056119],[-94.520459,31.052799],[-94.504281,31.0465],[-94.485738,31.036218],[-94.465695,31.032263],[-94.45043,31.032631],[-94.448101,31.023822],[-94.451372,31.01117],[-94.441418,31.010199],[-94.421638,31.021564],[-94.397539,31.028116],[-94.375117,31.031675],[-94.358686,31.037051],[-94.344987,31.038076],[-94.334342,31.029725],[-94.31967,31.025524],[-94.299526,31.034561],[-94.286393,31.03114],[-94.271598,31.02101],[-94.251063,31.01652],[-94.238663,31.002823],[-94.239674,30.992349],[-94.242558,30.981995],[-94.236673,30.967044],[-94.230777,30.952092],[-94.217792,30.937564],[-94.204799,30.923035],[-94.210049,30.902605],[-94.210493,30.895064]]},"properties":{"strokeweig":0.2,"name":"Neches","featurecla":"River","scalerank":11,"min_zoom":6.7,"min_label":7.7,"ne_id":1159138471,"rivernum":22413,"dissolve":"22413River","name_alt":null,"note":"ID is link back to CEC data","name_full":"Neches River","label":"Neches","wikidataid":"Q964437","name_ar":null,"name_bn":null,"name_de":"Neches","name_en":"Neches","name_es":"Neches","name_fr":"Neches","name_el":null,"name_hi":null,"name_hu":null,"name_id":null,"name_it":"Neches","name_ja":"ナチェス川","name_ko":null,"name_nl":"Neches","name_pl":"Neches","name_pt":"Neches","name_ru":"Нечес","name_sv":null,"name_tr":null,"name_vi":null,"name_zh":"内奇斯河","name_fa":null,"name_he":null,"name_uk":null,"name_ur":null,"name_zht":"内奇斯河","_hydro_kind":"river","_source":"Natural Earth 10m"}},{"type":"Feature","geometry":{"type":"LineString","coordinates":[[-96.008308,32.991933],[-96.00053,33.012177],[-95.992749,33.03243],[-95.984985,33.052625],[-95.991373,33.064249],[-96.00188,33.078741],[-96.016168,33.091403],[-96.035828,33.103878]]},"properties":{"strokeweig":0.2,"name":"Cowleech Fork","featurecla":"River","scalerank":12,"min_zoom":7,"min_label":8,"ne_id":1159138663,"rivernum":22458,"dissolve":"22458River (Intermittent)","name_alt":null,"note":"ID is link back to CEC data","name_full":null,"label":null,"wikidataid":null,"name_ar":null,"name_bn":null,"name_de":null,"name_en":null,"name_es":null,"name_fr":null,"name_el":null,"name_hi":null,"name_hu":null,"name_id":null,"name_it":null,"name_ja":null,"name_ko":null,"name_nl":null,"name_pl":null,"name_pt":null,"name_ru":null,"name_sv":null,"name_tr":null,"name_vi":null,"name_zh":null,"name_fa":null,"name_he":null,"name_uk":null,"name_ur":null,"name_zht":null,"_hydro_kind":"river","_source":"Natural Earth 10m"}},{"type":"Feature","geometry":{"type":"LineString","coordinates":[[-96.900966,32.805798],[-96.919725,32.786857],[-96.941229,32.781191],[-96.961201,32.779895],[-96.97669,32.774139],[-96.997381,32.775136],[-97.015386,32.789748],[-97.033405,32.804357],[-97.048813,32.808607],[-97.062212,32.800514],[-97.075615,32.792419],[-97.09083,32.794189],[-97.110331,32.798807],[-97.127629,32.795614],[-97.142774,32.784591],[-97.157925,32.779968],[-97.176491,32.78737],[-97.195061,32.794763],[-97.212079,32.791982],[-97.239936,32.783119],[-97.267315,32.781047],[-97.272372,32.76886],[-97.280495,32.762461],[-97.297675,32.762638],[-97.307841,32.768568],[-97.316669,32.781996],[-97.329291,32.787761],[-97.339771,32.784249],[-97.351575,32.774719],[-97.371122,32.769298],[-97.390667,32.76388],[-97.40739,32.76952],[-97.410628,32.779167],[-97.411408,32.788731],[-97.424156,32.794786],[-97.441356,32.794435],[-97.448811,32.801476],[-97.446556,32.815929],[-97.451273,32.830739],[-97.462972,32.845958],[-97.466633,32.862281],[-97.470295,32.878597],[-97.483339,32.887009],[-97.494944,32.902027],[-97.505162,32.923714],[-97.51009,32.945777],[-97.511571,32.968816],[-97.513061,32.991877],[-97.514549,33.014856],[-97.519857,33.029089],[-97.534125,33.036924],[-97.547341,33.052017],[-97.541091,33.059143],[-97.531568,33.061544],[-97.530848,33.075886],[-97.544156,33.083802],[-97.571624,33.090074],[-97.58634,33.10155],[-97.601053,33.113024],[-97.623771,33.122818],[-97.638762,33.134508],[-97.645909,33.14752],[-97.651238,33.162423],[-97.661378,33.176163],[-97.678027,33.187879],[-97.696353,33.194054],[-97.714707,33.195571],[-97.735467,33.193371],[-97.751931,33.193005],[-97.764252,33.194156],[-97.784964,33.198646],[-97.800123,33.208052],[-97.815285,33.217456],[-97.831404,33.220952],[-97.843815,33.229053]]},"properties":{"strokeweig":0.2,"name":"W.  Fk.  Trinity","featurecla":"River","scalerank":10,"min_zoom":6,"min_label":7,"ne_id":1159138641,"rivernum":22452,"dissolve":"22452River","name_alt":null,"note":"ID is link back to CEC data","name_full":"West Fork Trinity River","label":null,"wikidataid":null,"name_ar":null,"name_bn":null,"name_de":null,"name_en":null,"name_es":null,"name_fr":null,"name_el":null,"name_hi":null,"name_hu":null,"name_id":null,"name_it":null,"name_ja":null,"name_ko":null,"name_nl":null,"name_pl":null,"name_pt":null,"name_ru":null,"name_sv":null,"name_tr":null,"name_vi":null,"name_zh":null,"name_fa":null,"name_he":null,"name_uk":null,"name_ur":null,"name_zht":null,"_hydro_kind":"river","_source":"Natural Earth 10m"}},{"type":"Feature","geometry":{"type":"LineString","coordinates":[[-97.102783,33.473392],[-97.103207,33.487039],[-97.101736,33.507391],[-97.100265,33.527761],[-97.098791,33.548066],[-97.101664,33.564809],[-97.114967,33.57766]]},"properties":{"strokeweig":0.2,"name":"Elm Fk.  Trinity","featurecla":"River","scalerank":12,"min_zoom":7,"min_label":8,"ne_id":1159144135,"rivernum":22473,"dissolve":"22473Lake Centerline","name_alt":null,"note":"ID is link back to CEC data","name_full":"Elm Fork Trinity River","label":null,"wikidataid":null,"name_ar":null,"name_bn":null,"name_de":null,"name_en":null,"name_es":null,"name_fr":null,"name_el":null,"name_hi":null,"name_hu":null,"name_id":null,"name_it":null,"name_ja":null,"name_ko":null,"name_nl":null,"name_pl":null,"name_pt":null,"name_ru":null,"name_sv":null,"name_tr":null,"name_vi":null,"name_zh":null,"name_fa":null,"name_he":null,"name_uk":null,"name_ur":null,"name_zht":null,"_hydro_kind":"river","_source":"Natural Earth 10m"}},{"type":"Feature","geometry":{"type":"LineString","coordinates":[[-97.03696,33.360781],[-97.030978,33.351115],[-97.025435,33.329625],[-97.03098,33.309973],[-97.036529,33.29032],[-97.034896,33.268897],[-97.033262,33.247391],[-97.031621,33.225844],[-97.029991,33.204402]]},"properties":{"strokeweig":0.2,"name":"Elm Fk.  Trinity","featurecla":"River","scalerank":12,"min_zoom":7,"min_label":8,"ne_id":1159144115,"rivernum":22454,"dissolve":"22454Lake Centerline","name_alt":null,"note":"ID is link back to CEC data","name_full":"Elm Fork Trinity River","label":null,"wikidataid":null,"name_ar":null,"name_bn":null,"name_de":null,"name_en":null,"name_es":null,"name_fr":null,"name_el":null,"name_hi":null,"name_hu":null,"name_id":null,"name_it":null,"name_ja":null,"name_ko":null,"name_nl":null,"name_pl":null,"name_pt":null,"name_ru":null,"name_sv":null,"name_tr":null,"name_vi":null,"name_zh":null,"name_fa":null,"name_he":null,"name_uk":null,"name_ur":null,"name_zht":null,"_hydro_kind":"river","_source":"Natural Earth 10m"}},{"type":"Feature","geometry":{"type":"LineString","coordinates":[[-96.968097,33.066377],[-96.967895,33.05797],[-96.961133,33.041179],[-96.950773,33.029435],[-96.938312,33.004969],[-96.93709,32.994007],[-96.941488,32.979311],[-96.935103,32.960466],[-96.93389,32.942224],[-96.93664,32.927946],[-96.929769,32.914784],[-96.92658,32.898306],[-96.928095,32.880579],[-96.917953,32.867671],[-96.900318,32.856918],[-96.888765,32.845328],[-96.892709,32.82814],[-96.900185,32.811506],[-96.900966,32.805798]]},"properties":{"strokeweig":0.2,"name":"Elm Fk.  Trinity","featurecla":"River","scalerank":10,"min_zoom":6,"min_label":7,"ne_id":1159138645,"rivernum":22454,"dissolve":"22454River","name_alt":null,"note":"ID is link back to CEC data","name_full":"Elm Fork Trinity River","label":null,"wikidataid":null,"name_ar":null,"name_bn":null,"name_de":null,"name_en":null,"name_es":null,"name_fr":null,"name_el":null,"name_hi":null,"name_hu":null,"name_id":null,"name_it":null,"name_ja":null,"name_ko":null,"name_nl":null,"name_pl":null,"name_pt":null,"name_ru":null,"name_sv":null,"name_tr":null,"name_vi":null,"name_zh":null,"name_fa":null,"name_he":null,"name_uk":null,"name_ur":null,"name_zht":null,"_hydro_kind":"river","_source":"Natural Earth 10m"}},{"type":"Feature","geometry":{"type":"LineString","coordinates":[[-96.900966,32.805798],[-96.897384,32.806387],[-96.882878,32.804293],[-96.860958,32.798914],[-96.841593,32.792008],[-96.824722,32.783553],[-96.811075,32.773725],[-96.800604,32.762486],[-96.778618,32.748187],[-96.756634,32.733883],[-96.740691,32.729773],[-96.729571,32.725132],[-96.725692,32.71366],[-96.719876,32.702577],[-96.704628,32.701894],[-96.690657,32.696916],[-96.680398,32.687734],[-96.671352,32.676087],[-96.670418,32.65966],[-96.661529,32.647435],[-96.640379,32.637901],[-96.618405,32.620279],[-96.599175,32.61105],[-96.588062,32.597278],[-96.579599,32.579016],[-96.566177,32.561757],[-96.548218,32.551022],[-96.530244,32.540272],[-96.512329,32.529552],[-96.507199,32.516641],[-96.506585,32.502724],[-96.505978,32.488807],[-96.502837,32.473428],[-96.490163,32.458664],[-96.480542,32.44239],[-96.462909,32.429776],[-96.443319,32.418224],[-96.437162,32.397741],[-96.443394,32.376745],[-96.449624,32.355754],[-96.436891,32.343034],[-96.41404,32.332044],[-96.397516,32.331531],[-96.382523,32.328686],[-96.3609,32.31871],[-96.339276,32.308735],[-96.314188,32.301918],[-96.292996,32.290954],[-96.286936,32.269761],[-96.275288,32.255025],[-96.250304,32.249649],[-96.229201,32.240054],[-96.215427,32.226198],[-96.201651,32.212335],[-96.190799,32.204119],[-96.173251,32.208288],[-96.159891,32.204189],[-96.168291,32.187148],[-96.17161,32.168789],[-96.157352,32.155751],[-96.140745,32.154945],[-96.125159,32.15763],[-96.113153,32.156774],[-96.106878,32.146523],[-96.1159,32.122621],[-96.115231,32.105497],[-96.114569,32.088366],[-96.100567,32.078639],[-96.086568,32.06891],[-96.084309,32.053994],[-96.076089,32.039564],[-96.060503,32.026724],[-96.053399,32.006412],[-96.058881,31.988341],[-96.05567,31.976598],[-96.048382,31.965614],[-96.057232,31.961364],[-96.06072,31.956239],[-96.048114,31.948939],[-96.036282,31.95309],[-96.024942,31.953136],[-96.018696,31.943106],[-96.013301,31.93197],[-96.006036,31.920524],[-96.015384,31.906359],[-96.024728,31.8922],[-96.025723,31.877405],[-96.005763,31.876916],[-95.994448,31.87411],[-95.978882,31.877429],[-95.97077,31.87521],[-95.981139,31.864855],[-95.991505,31.854505],[-95.989373,31.843252],[-95.979694,31.831944],[-95.976311,31.813099],[-95.980074,31.797255],[-95.973085,31.791296],[-95.96067,31.786046],[-95.94842,31.777849],[-95.926176,31.769985],[-95.908561,31.761369],[-95.891298,31.756154],[-95.874036,31.750942],[-95.866651,31.732191],[-95.871999,31.717321],[-95.8774,31.706555],[-95.869413,31.694153],[-95.857581,31.69371],[-95.843168,31.696372],[-95.825687,31.690713],[-95.812836,31.679068],[-95.800932,31.67496],[-95.790982,31.685072],[-95.784391,31.687558],[-95.788348,31.671049],[-95.792303,31.654529],[-95.792105,31.637636],[-95.789713,31.621781],[-95.781735,31.609587],[-95.769975,31.602993],[-95.756138,31.610465],[-95.751841,31.625592],[-95.755397,31.639915],[-95.748885,31.651064],[-95.733149,31.648185],[-95.72215,31.634883],[-95.71502,31.622028],[-95.712054,31.609459],[-95.719882,31.593786],[-95.723138,31.578163],[-95.717447,31.56376],[-95.724379,31.554654],[-95.741694,31.553043],[-95.754363,31.541881],[-95.747199,31.524699],[-95.734806,31.515079],[-95.738704,31.502458]]},"properties":{"strokeweig":0.2,"name":"Trinity","featurecla":"River","scalerank":10,"min_zoom":6,"min_label":7,"ne_id":1159138453,"rivernum":22409,"dissolve":"22409River","name_alt":null,"note":"ID is link back to CEC data","name_full":"Trinity River","label":"Trinity","wikidataid":"Q1969490","name_ar":null,"name_bn":null,"name_de":"Trinity","name_en":"Trinity","name_es":"Trinidad","name_fr":"Trinity","name_el":null,"name_hi":null,"name_hu":null,"name_id":null,"name_it":"Trinity","name_ja":"トリニティ川","name_ko":null,"name_nl":"Trinity","name_pl":"Trinity","name_pt":"Trinity","name_ru":"Тринити","name_sv":null,"name_tr":null,"name_vi":null,"name_zh":"三一河","name_fa":"رودخانه ترینتی","name_he":null,"name_uk":null,"name_ur":null,"name_zht":"三一河","_hydro_kind":"river","_source":"Natural Earth 10m"}},{"type":"Feature","geometry":{"type":"LineString","coordinates":[[-96.150499,30.38129],[-96.150084,30.391444],[-96.143698,30.406177],[-96.123494,30.41469],[-96.099965,30.418983],[-96.08647,30.42399],[-96.086321,30.43246],[-96.102129,30.43737],[-96.117939,30.442272],[-96.130803,30.456238],[-96.138163,30.469108],[-96.13884,30.48273],[-96.139516,30.496352],[-96.14879,30.516345],[-96.159007,30.530906],[-96.163798,30.550285],[-96.165139,30.566811],[-96.176166,30.580925],[-96.187198,30.595031],[-96.186378,30.612632],[-96.179763,30.634894],[-96.173138,30.657154],[-96.171688,30.676862],[-96.175683,30.693917],[-96.177166,30.707678],[-96.169842,30.722084],[-96.166973,30.743492],[-96.168606,30.759499],[-96.17024,30.775506],[-96.179744,30.788871],[-96.179742,30.800183],[-96.173476,30.814615],[-96.177557,30.836978],[-96.18164,30.859346],[-96.195813,30.881269],[-96.209993,30.903195],[-96.208915,30.921797],[-96.207844,30.940392],[-96.224113,30.951918],[-96.239754,30.96571],[-96.240934,30.986312],[-96.250808,31.003853],[-96.260687,31.021392],[-96.254045,31.037861],[-96.254872,31.054676],[-96.264095,31.069147],[-96.274242,31.080924],[-96.280416,31.092105],[-96.281914,31.106093],[-96.287034,31.122586],[-96.296495,31.138229],[-96.301475,31.154952],[-96.301999,31.172812],[-96.304909,31.188205],[-96.313082,31.211385],[-96.321259,31.234563],[-96.329188,31.248761],[-96.325736,31.259948],[-96.317728,31.271108],[-96.322291,31.282681],[-96.322715,31.301502],[-96.323131,31.32034],[-96.323548,31.339113],[-96.329167,31.36028],[-96.332094,31.378602],[-96.338954,31.392441],[-96.35247,31.404612],[-96.362166,31.420793],[-96.371872,31.436978],[-96.386551,31.451456],[-96.403266,31.464156],[-96.422077,31.475127],[-96.439944,31.4891],[-96.449638,31.506754],[-96.462033,31.524503],[-96.475658,31.53839],[-96.489288,31.552281],[-96.504642,31.558244],[-96.51604,31.567842],[-96.523544,31.581111],[-96.531425,31.591517],[-96.548521,31.601598],[-96.563769,31.61733],[-96.569155,31.631402]]},"properties":{"strokeweig":0.2,"name":"Navasota","featurecla":"River","scalerank":11,"min_zoom":6.7,"min_label":7.7,"ne_id":1159138337,"rivernum":22384,"dissolve":"22384River","name_alt":null,"note":"ID is link back to CEC data","name_full":"Navasota River","label":"Navasota","wikidataid":"Q10595101","name_ar":null,"name_bn":null,"name_de":null,"name_en":"Navasota","name_es":null,"name_fr":"Navasota","name_el":null,"name_hi":null,"name_hu":null,"name_id":null,"name_it":null,"name_ja":null,"name_ko":null,"name_nl":null,"name_pl":null,"name_pt":null,"name_ru":null,"name_sv":"Navasota","name_tr":null,"name_vi":null,"name_zh":null,"name_fa":null,"name_he":null,"name_uk":null,"name_ur":null,"name_zht":null,"_hydro_kind":"river","_source":"Natural Earth 10m"}},{"type":"Feature","geometry":{"type":"LineString","coordinates":[[-97.404313,30.984904],[-97.409287,30.98429],[-97.424017,30.990564],[-97.443218,30.994471],[-97.457622,31.003506],[-97.469089,31.012466],[-97.475568,31.001187],[-97.485927,31.002771],[-97.50575,31.013841],[-97.53412,31.017604]]},"properties":{"strokeweig":0.2,"name":"Lampasas","featurecla":"River","scalerank":10,"min_zoom":6,"min_label":7,"ne_id":1159138489,"rivernum":22417,"dissolve":"22417River","name_alt":null,"note":"ID is link back to CEC data","name_full":"Lampasas River","label":null,"wikidataid":null,"name_ar":null,"name_bn":null,"name_de":null,"name_en":null,"name_es":null,"name_fr":null,"name_el":null,"name_hi":null,"name_hu":null,"name_id":null,"name_it":null,"name_ja":null,"name_ko":null,"name_nl":null,"name_pl":null,"name_pt":null,"name_ru":null,"name_sv":null,"name_tr":null,"name_vi":null,"name_zh":null,"name_fa":null,"name_he":null,"name_uk":null,"name_ur":null,"name_zht":null,"_hydro_kind":"river","_source":"Natural Earth 10m"}},{"type":"Feature","geometry":{"type":"LineString","coordinates":[[-98.194412,31.400178],[-98.185141,31.382656],[-98.181737,31.35924],[-98.178327,31.335801],[-98.174929,31.312437],[-98.166386,31.299283],[-98.155951,31.287245],[-98.140913,31.274787],[-98.125879,31.262321],[-98.119,31.247121],[-98.110344,31.234317],[-98.099874,31.223864],[-98.093889,31.205358],[-98.083161,31.183707],[-98.069913,31.167168],[-98.063349,31.150819],[-98.054878,31.13663],[-98.048531,31.111752],[-98.039242,31.097651],[-98.026215,31.084073],[-98.009621,31.0744],[-98.001327,31.064638],[-97.996992,31.05634],[-97.996711,31.046059],[-97.994001,31.026136],[-97.979315,31.01559],[-97.953845,31.003602],[-97.934371,31.003018],[-97.915141,30.999113],[-97.901545,30.998843],[-97.888279,31.001214],[-97.869903,30.999253],[-97.854155,30.989506],[-97.838386,30.990111],[-97.824223,30.986172],[-97.80733,30.979432],[-97.785262,30.976697],[-97.766556,30.968322],[-97.755096,30.958509],[-97.736536,30.958601],[-97.717983,30.958695],[-97.699791,30.963107],[-97.68784,30.973218],[-97.674238,30.981111],[-97.658955,30.986811],[-97.651323,30.989657]]},"properties":{"strokeweig":0.2,"name":"Lampasas","featurecla":"River","scalerank":10,"min_zoom":6,"min_label":7,"ne_id":1159138479,"rivernum":22415,"dissolve":"22415River","name_alt":null,"note":"ID is link back to CEC data","name_full":"Lampasas River","label":null,"wikidataid":null,"name_ar":null,"name_bn":null,"name_de":null,"name_en":null,"name_es":null,"name_fr":null,"name_el":null,"name_hi":null,"name_hu":null,"name_id":null,"name_it":null,"name_ja":null,"name_ko":null,"name_nl":null,"name_pl":null,"name_pt":null,"name_ru":null,"name_sv":null,"name_tr":null,"name_vi":null,"name_zh":null,"name_fa":null,"name_he":null,"name_uk":null,"name_ur":null,"name_zht":null,"_hydro_kind":"river","_source":"Natural Earth 10m"}},{"type":"Feature","geometry":{"type":"LineString","coordinates":[[-97.404313,30.984904],[-97.393622,31.006258],[-97.398954,31.018836],[-97.416423,31.023571],[-97.430593,31.03119],[-97.429086,31.045325],[-97.42906,31.054704],[-97.439115,31.065668],[-97.445065,31.080452],[-97.45876,31.096265],[-97.469479,31.104696]]},"properties":{"strokeweig":0.2,"name":"Leon","featurecla":"River","scalerank":10,"min_zoom":6,"min_label":7,"ne_id":1159138493,"rivernum":22418,"dissolve":"22418River","name_alt":null,"note":"ID is link back to CEC data","name_full":"Leon River","label":null,"wikidataid":"Q16894115","name_ar":null,"name_bn":null,"name_de":null,"name_en":null,"name_es":null,"name_fr":null,"name_el":null,"name_hi":null,"name_hu":null,"name_id":null,"name_it":null,"name_ja":null,"name_ko":null,"name_nl":null,"name_pl":null,"name_pt":null,"name_ru":null,"name_sv":null,"name_tr":null,"name_vi":null,"name_zh":null,"name_fa":null,"name_he":null,"name_uk":null,"name_ur":null,"name_zht":null,"_hydro_kind":"river","_source":"Natural Earth 10m"}},{"type":"Feature","geometry":{"type":"LineString","coordinates":[[-97.500398,31.208805],[-97.489736,31.216725],[-97.471521,31.22631],[-97.460822,31.234979],[-97.464444,31.247159],[-97.47342,31.259704],[-97.47238,31.284557],[-97.483168,31.290519],[-97.491812,31.296886],[-97.467256,31.31117],[-97.490656,31.32106],[-97.514068,31.330943],[-97.523891,31.342799],[-97.533723,31.354653],[-97.551444,31.362343],[-97.564153,31.376332],[-97.581546,31.386319],[-97.597217,31.382092],[-97.592044,31.357995],[-97.607842,31.34945],[-97.627147,31.344494],[-97.646456,31.33954],[-97.659223,31.342761],[-97.658379,31.353457],[-97.6601,31.368108],[-97.673028,31.375477],[-97.688991,31.379699],[-97.705885,31.379112],[-97.719924,31.375748],[-97.725418,31.390465],[-97.741012,31.408119],[-97.745622,31.415513],[-97.734432,31.422838],[-97.754363,31.43922],[-97.749617,31.455092],[-97.753034,31.467494],[-97.767934,31.477042],[-97.782844,31.486588],[-97.798519,31.482775],[-97.80967,31.477063],[-97.820171,31.485953],[-97.818182,31.499843],[-97.820867,31.510168],[-97.831404,31.518129],[-97.851166,31.529397],[-97.870927,31.540668],[-97.889647,31.554968],[-97.897758,31.568007],[-97.885223,31.574619],[-97.86923,31.580014],[-97.872052,31.590099],[-97.887112,31.600897],[-97.898518,31.611611],[-97.90225,31.622864],[-97.896442,31.639416],[-97.896028,31.655142],[-97.906867,31.651917],[-97.923335,31.650186],[-97.941156,31.65805],[-97.956269,31.676794],[-97.980655,31.691612],[-97.988714,31.70316],[-97.999801,31.712487],[-98.012931,31.714543],[-98.018375,31.728179],[-98.019745,31.74944],[-98.028738,31.76156],[-98.044134,31.771179],[-98.057321,31.782828],[-98.07692,31.785451],[-98.096527,31.788076],[-98.118095,31.787515],[-98.139211,31.78263],[-98.150674,31.776451],[-98.160622,31.789391],[-98.174557,31.804209],[-98.18954,31.80993],[-98.208892,31.811615],[-98.226458,31.809142],[-98.240103,31.813445],[-98.255909,31.83056],[-98.272054,31.844835],[-98.288674,31.850358],[-98.31622,31.854367],[-98.343768,31.858363],[-98.369928,31.871083],[-98.393414,31.870059],[-98.404842,31.878871],[-98.411295,31.893084],[-98.435942,31.902115],[-98.448271,31.920304],[-98.447634,31.938541],[-98.452827,31.949551],[-98.465349,31.957926],[-98.475241,31.971357],[-98.48189,31.988208],[-98.480636,32.003809],[-98.483907,32.019463],[-98.483585,32.036392]]},"properties":{"strokeweig":0.2,"name":"Leon","featurecla":"River","scalerank":11,"min_zoom":6.7,"min_label":7.7,"ne_id":1159141021,"rivernum":22995,"dissolve":"22995River","name_alt":null,"note":"ID is link back to CEC data","name_full":"Leon River","label":null,"wikidataid":"Q16894115","name_ar":null,"name_bn":null,"name_de":null,"name_en":null,"name_es":null,"name_fr":null,"name_el":null,"name_hi":null,"name_hu":null,"name_id":null,"name_it":null,"name_ja":null,"name_ko":null,"name_nl":null,"name_pl":null,"name_pt":null,"name_ru":null,"name_sv":null,"name_tr":null,"name_vi":null,"name_zh":null,"name_fa":null,"name_he":null,"name_uk":null,"name_ur":null,"name_zht":null,"_hydro_kind":"river","_source":"Natural Earth 10m"}},{"type":"Feature","geometry":{"type":"LineString","coordinates":[[-98.483585,32.036392],[-98.479639,32.052403],[-98.480187,32.066327],[-98.483856,32.079692],[-98.490645,32.092548],[-98.493911,32.105803],[-98.493649,32.119515],[-98.496918,32.13278],[-98.508146,32.147403],[-98.519372,32.162018],[-98.52923,32.170571],[-98.536264,32.178062],[-98.543339,32.191156],[-98.556516,32.203112],[-98.569698,32.21506],[-98.580039,32.228427],[-98.587493,32.243104],[-98.603348,32.258915],[-98.619203,32.274723],[-98.632742,32.291111],[-98.646287,32.307502],[-98.651477,32.321476]]},"properties":{"strokeweig":0.2,"name":"Leon","featurecla":"River (Intermittent)","scalerank":11,"min_zoom":6.7,"min_label":7.7,"ne_id":1159138555,"rivernum":22433,"dissolve":"22433River (Intermittent)","name_alt":null,"note":"ID is link back to CEC data","name_full":null,"label":null,"wikidataid":"Q16894115","name_ar":null,"name_bn":null,"name_de":null,"name_en":null,"name_es":null,"name_fr":null,"name_el":null,"name_hi":null,"name_hu":null,"name_id":null,"name_it":null,"name_ja":null,"name_ko":null,"name_nl":null,"name_pl":null,"name_pt":null,"name_ru":null,"name_sv":null,"name_tr":null,"name_vi":null,"name_zh":null,"name_fa":null,"name_he":null,"name_uk":null,"name_ur":null,"name_zht":null,"_hydro_kind":"river","_source":"Natural Earth 10m"}},{"type":"Feature","geometry":{"type":"LineString","coordinates":[[-100.025006,30.476183],[-100.004329,30.481218],[-99.985235,30.492399],[-99.967732,30.499012],[-99.937245,30.501523],[-99.915765,30.505875],[-99.899852,30.517984],[-99.882332,30.524817],[-99.858991,30.528208],[-99.837771,30.525889],[-99.812938,30.517548],[-99.788089,30.509184],[-99.763327,30.500845],[-99.756442,30.499455]]},"properties":{"strokeweig":0.2,"name":"North Llano","featurecla":"River","scalerank":12,"min_zoom":7,"min_label":8,"ne_id":1159138391,"rivernum":22396,"dissolve":"22396River","name_alt":null,"note":"ID is link back to CEC data","name_full":"North Llano River","label":"N. Llano","wikidataid":"Q1866844","name_ar":null,"name_bn":null,"name_de":"Llano","name_en":"Llano","name_es":null,"name_fr":null,"name_el":null,"name_hi":null,"name_hu":null,"name_id":null,"name_it":null,"name_ja":null,"name_ko":null,"name_nl":null,"name_pl":null,"name_pt":null,"name_ru":"Ллано","name_sv":null,"name_tr":null,"name_vi":null,"name_zh":"拉諾河","name_fa":null,"name_he":null,"name_uk":null,"name_ur":null,"name_zht":"拉諾河","_hydro_kind":"river","_source":"Natural Earth 10m"}},{"type":"Feature","geometry":{"type":"LineString","coordinates":[[-98.431334,30.651813],[-98.434877,30.65253],[-98.451224,30.64567],[-98.471438,30.644569],[-98.48328,30.650454],[-98.483626,30.660538],[-98.479386,30.674524],[-98.476928,30.692101],[-98.487628,30.702624],[-98.508656,30.709991],[-98.526895,30.721223],[-98.545132,30.732457],[-98.549052,30.746669],[-98.54794,30.764245],[-98.560553,30.772882],[-98.577614,30.772167],[-98.596881,30.765103],[-98.614945,30.75072],[-98.632609,30.743642],[-98.652741,30.747422],[-98.672341,30.753826],[-98.690261,30.755291],[-98.706552,30.751822],[-98.725843,30.75021],[-98.74821,30.750457],[-98.76424,30.745497],[-98.780262,30.740539],[-98.79998,30.738028],[-98.816299,30.731338],[-98.839657,30.72553],[-98.863006,30.719716],[-98.882707,30.716936],[-98.900527,30.716199],[-98.917885,30.710661],[-98.936003,30.707633],[-98.962296,30.709949],[-98.980954,30.706121],[-98.999616,30.702284],[-99.014188,30.705165],[-99.026242,30.697961],[-99.033584,30.68363],[-99.041784,30.674895],[-99.058028,30.673425],[-99.077867,30.669154],[-99.103665,30.666165],[-99.129462,30.663176],[-99.14827,30.653201],[-99.167125,30.643197],[-99.18597,30.633189],[-99.202606,30.629434],[-99.216993,30.638443],[-99.231391,30.64745],[-99.250718,30.653764],[-99.266653,30.655251],[-99.287378,30.654689],[-99.308103,30.654128],[-99.325178,30.659715],[-99.337041,30.672154],[-99.350105,30.68159],[-99.364412,30.688067],[-99.381392,30.691369],[-99.40512,30.681021],[-99.42214,30.680191],[-99.436772,30.676821],[-99.449318,30.667856],[-99.462147,30.65581],[-99.477857,30.647662],[-99.496496,30.643385],[-99.514066,30.635804],[-99.527701,30.620545],[-99.538104,30.613053],[-99.551371,30.612413],[-99.560444,30.602846],[-99.567143,30.591685],[-99.592135,30.588587],[-99.59217,30.579896],[-99.594611,30.568936],[-99.608779,30.547035],[-99.624459,30.544104],[-99.638776,30.544155],[-99.645966,30.536854],[-99.660064,30.527992],[-99.677311,30.525302],[-99.69726,30.508795],[-99.712666,30.504029],[-99.726692,30.506126],[-99.739403,30.515095],[-99.751091,30.509509],[-99.759102,30.494203],[-99.772104,30.485536],[-99.784068,30.47355],[-99.796029,30.461562],[-99.810887,30.450513],[-99.825741,30.439468],[-99.832932,30.425987],[-99.847785,30.411029],[-99.873249,30.404866],[-99.887538,30.398599],[-99.88809,30.382115],[-99.89434,30.362233],[-99.900593,30.342349],[-99.901935,30.327018],[-99.900895,30.309406],[-99.897209,30.29935],[-99.898543,30.293176],[-99.910053,30.279001],[-99.930444,30.262969],[-99.949577,30.251187],[-99.968764,30.239369],[-99.987933,30.227554]]},"properties":{"strokeweig":0.2,"name":"Llano","featurecla":"River","scalerank":11,"min_zoom":6.7,"min_label":7.7,"ne_id":1159138397,"rivernum":22397,"dissolve":"22397River","name_alt":null,"note":"ID is link back to CEC data","name_full":"Llano River","label":"Llano","wikidataid":"Q1866844","name_ar":null,"name_bn":null,"name_de":"Llano","name_en":"Llano","name_es":null,"name_fr":null,"name_el":null,"name_hi":null,"name_hu":null,"name_id":null,"name_it":null,"name_ja":null,"name_ko":null,"name_nl":null,"name_pl":null,"name_pt":null,"name_ru":"Ллано","name_sv":null,"name_tr":null,"name_vi":null,"name_zh":"拉諾河","name_fa":null,"name_he":null,"name_uk":null,"name_ur":null,"name_zht":"拉諾河","_hydro_kind":"river","_source":"Natural Earth 10m"}},{"type":"Feature","geometry":{"type":"LineString","coordinates":[[-98.206212,30.560127],[-98.209408,30.568193],[-98.219842,30.572253],[-98.241692,30.568249],[-98.26235,30.5704],[-98.281536,30.566592],[-98.298923,30.560463],[-98.31447,30.565957],[-98.32979,30.569618],[-98.341511,30.567583],[-98.357526,30.572244],[-98.375729,30.575647],[-98.3978,30.57489],[-98.408467,30.587627],[-98.409335,30.607802],[-98.414622,30.622978],[-98.419917,30.638154],[-98.42682,30.650901],[-98.431334,30.651813],[-98.427727,30.670221],[-98.41679,30.686322],[-98.412759,30.697038],[-98.411373,30.713929],[-98.39695,30.723293],[-98.38253,30.732655],[-98.387292,30.743169],[-98.403354,30.749335],[-98.413264,30.754971]]},"properties":{"strokeweig":0.2,"name":"Colorado","featurecla":"River","scalerank":10,"min_zoom":6,"min_label":7,"ne_id":1159138383,"rivernum":22394,"dissolve":"22394River","name_alt":null,"note":"ID is link back to CEC data","name_full":"Colorado River","label":"Colorado","wikidataid":"Q847785","name_ar":null,"name_bn":"কলোরাডো নদী","name_de":"Colorado","name_en":"Colorado","name_es":"Colorado","name_fr":"Colorado","name_el":null,"name_hi":null,"name_hu":"Colorado","name_id":null,"name_it":"Colorado del Texas","name_ja":"コロラド川","name_ko":null,"name_nl":"Colorado","name_pl":"Colorado","name_pt":"Colorado","name_ru":"Колорадо","name_sv":"Coloradofloden","name_tr":"Colorado","name_vi":"Colorado","name_zh":"科羅拉多河","name_fa":"رودخانه کلرادو","name_he":null,"name_uk":"Колорадо","name_ur":null,"name_zht":"科羅拉多河","_hydro_kind":"river","_source":"Natural Earth 10m"}},{"type":"Feature","geometry":{"type":"LineString","coordinates":[[-102.377618,33.252528],[-102.367269,33.245911],[-102.358539,33.238343],[-102.344105,33.233166],[-102.33393,33.227572],[-102.335983,33.213175],[-102.325626,33.201915],[-102.303044,33.189857],[-102.287283,33.175823],[-102.278156,33.163701],[-102.265514,33.1527],[-102.249311,33.142781],[-102.235794,33.139758],[-102.218168,33.14124],[-102.19373,33.140336],[-102.169095,33.145817],[-102.154522,33.144031],[-102.140966,33.129385],[-102.127422,33.114736],[-102.120553,33.103942],[-102.118643,33.094182],[-102.119702,33.082317],[-102.125098,33.06923],[-102.130486,33.056143],[-102.12361,33.044094],[-102.109092,33.033664],[-102.094722,33.027921],[-102.081098,33.019987],[-102.064318,33.016749],[-102.047534,33.013515],[-102.037823,32.997523],[-102.030887,32.983097],[-102.021088,32.972031],[-102.011285,32.960959],[-102.00037,32.942983],[-101.989453,32.925006],[-101.976448,32.913625],[-101.969854,32.898595],[-101.958854,32.879875],[-101.93644,32.868177],[-101.916475,32.866567],[-101.899557,32.867982],[-101.885057,32.866518],[-101.870802,32.858002],[-101.854375,32.845296],[-101.839287,32.835876],[-101.816814,32.832117],[-101.801127,32.826428],[-101.795355,32.812851],[-101.779776,32.800135],[-101.754951,32.799842],[-101.734541,32.802426],[-101.713719,32.786122],[-101.695307,32.767276],[-101.68066,32.757492],[-101.667271,32.743558],[-101.650698,32.733],[-101.630897,32.725768],[-101.616241,32.715149],[-101.602382,32.709972],[-101.584177,32.713643],[-101.565926,32.706731],[-101.553263,32.686416],[-101.542926,32.672894],[-101.532441,32.66642],[-101.52526,32.654333],[-101.518161,32.639154],[-101.504717,32.626234],[-101.479793,32.618126],[-101.45452,32.606168],[-101.429269,32.594202],[-101.413225,32.595106],[-101.401268,32.603672],[-101.392466,32.615157],[-101.37256,32.620617],[-101.34798,32.615675],[-101.323403,32.610728],[-101.310246,32.605215]]},"properties":{"strokeweig":0.2,"name":"Colorado","featurecla":"River (Intermittent)","scalerank":10,"min_zoom":6,"min_label":7,"ne_id":1159138619,"rivernum":22447,"dissolve":"22447River (Intermittent)","name_alt":null,"note":"ID is link back to CEC data","name_full":null,"label":null,"wikidataid":"Q847785","name_ar":null,"name_bn":null,"name_de":null,"name_en":null,"name_es":null,"name_fr":null,"name_el":null,"name_hi":null,"name_hu":null,"name_id":null,"name_it":null,"name_ja":null,"name_ko":null,"name_nl":null,"name_pl":null,"name_pt":null,"name_ru":null,"name_sv":null,"name_tr":null,"name_vi":null,"name_zh":null,"name_fa":null,"name_he":null,"name_uk":null,"name_ur":null,"name_zht":null,"_hydro_kind":"river","_source":"Natural Earth 10m"}},{"type":"Feature","geometry":{"type":"LineString","coordinates":[[-101.310246,32.605215],[-101.293101,32.613149],[-101.275946,32.621075],[-101.257602,32.622226],[-101.241425,32.617503],[-101.220268,32.613092],[-101.199811,32.605154],[-101.18503,32.593373],[-101.169809,32.584567],[-101.154082,32.578699],[-101.134515,32.573838],[-101.120382,32.574431],[-101.100066,32.570073],[-101.079745,32.565717],[-101.055761,32.56366],[-101.045064,32.556017],[-101.053338,32.544572],[-101.052687,32.53705],[-101.03948,32.524637],[-101.02627,32.512221],[-101.013715,32.507555],[-100.993134,32.514589],[-100.975863,32.52477],[-100.958536,32.531069],[-100.947879,32.527038],[-100.9391,32.519816],[-100.921091,32.51542],[-100.921548,32.507216],[-100.927414,32.496229],[-100.937053,32.484754],[-100.952681,32.47301],[-100.961541,32.463831],[-100.960066,32.454727],[-100.961491,32.437612],[-100.947586,32.433194],[-100.935849,32.427355],[-100.915469,32.426601],[-100.905106,32.422813],[-100.900801,32.402358],[-100.889451,32.383093],[-100.875534,32.376354],[-100.869081,32.370138],[-100.877338,32.355721],[-100.878706,32.344448],[-100.869438,32.340879],[-100.86098,32.33617],[-100.868486,32.328597],[-100.887435,32.323876],[-100.898984,32.314443],[-100.906746,32.305044],[-100.918331,32.298106],[-100.918999,32.285341],[-100.906999,32.278821],[-100.889649,32.27941],[-100.886042,32.271473],[-100.885661,32.26043],[-100.870922,32.252096],[-100.869157,32.239004],[-100.8717,32.223817],[-100.874235,32.20863],[-100.88139,32.194474],[-100.869155,32.189342],[-100.855808,32.181459],[-100.852963,32.16847],[-100.824432,32.157532],[-100.808269,32.138294],[-100.811065,32.121402],[-100.810701,32.111589],[-100.780622,32.106309],[-100.786983,32.092592],[-100.787115,32.078454],[-100.77294,32.066247],[-100.760148,32.057456],[-100.748027,32.062344],[-100.734527,32.064023],[-100.736347,32.05602],[-100.746245,32.045229],[-100.738078,32.038903],[-100.735039,32.031414],[-100.737882,32.017712],[-100.720525,32.009853],[-100.696757,32.00978],[-100.692641,32.003407],[-100.693334,31.991079],[-100.679815,31.988663],[-100.665775,31.988539],[-100.649847,31.982364],[-100.626497,31.977498],[-100.603156,31.972625],[-100.588147,31.957587],[-100.5748,31.940212],[-100.5537,31.930989],[-100.532605,31.921762],[-100.516581,31.904575],[-100.503767,31.894907],[-100.490957,31.885243],[-100.479068,31.879576],[-100.466663,31.880092],[-100.456562,31.859389],[-100.44471,31.861709],[-100.434174,31.85878],[-100.419291,31.846984],[-100.39936,31.847531],[-100.382127,31.858551],[-100.368132,31.862245],[-100.353854,31.861598],[-100.336051,31.863919],[-100.322543,31.85507],[-100.311714,31.843253],[-100.28315,31.847886],[-100.271,31.843347],[-100.252265,31.838597],[-100.235249,31.831798],[-100.21918,31.818151],[-100.212115,31.796279],[-100.204416,31.786036],[-100.187978,31.788794],[-100.174909,31.782871],[-100.172988,31.76827],[-100.169472,31.757801],[-100.155477,31.76102],[-100.140918,31.757165],[-100.125004,31.738248],[-100.101568,31.726164],[-100.086775,31.729139],[-100.0779,31.735319],[-100.062277,31.731214],[-100.048813,31.728945],[-100.035622,31.724161],[-100.014913,31.720739],[-99.987055,31.731445],[-99.966845,31.732354],[-99.944106,31.741249],[-99.927283,31.735427],[-99.910457,31.729603],[-99.897554,31.716588],[-99.895687,31.699697],[-99.892461,31.688294],[-99.876735,31.683719],[-99.860854,31.682324],[-99.844047,31.682996],[-99.830888,31.679116],[-99.829837,31.666327],[-99.844242,31.659952],[-99.858632,31.653576],[-99.850321,31.64286],[-99.833417,31.627455],[-99.822159,31.603926],[-99.804192,31.592153],[-99.782148,31.595521],[-99.770056,31.589099],[-99.763102,31.57699],[-99.751278,31.578113],[-99.736744,31.584956],[-99.728179,31.578773],[-99.716658,31.571889],[-99.699489,31.563857],[-99.685039,31.549889],[-99.686672,31.54237],[-99.693949,31.535096],[-99.679465,31.534123],[-99.662272,31.534754],[-99.65827,31.526771],[-99.665293,31.516294],[-99.675529,31.505824],[-99.666973,31.497815],[-99.649034,31.489681],[-99.637817,31.476171],[-99.625245,31.468938],[-99.614481,31.475284],[-99.62188,31.498353],[-99.610882,31.497402],[-99.589703,31.493686],[-99.565843,31.491433],[-99.548136,31.485641],[-99.536673,31.473159],[-99.528729,31.455555],[-99.520783,31.43795],[-99.507636,31.439028],[-99.48779,31.437918],[-99.467952,31.436805],[-99.45286,31.447694],[-99.45142,31.462291],[-99.448653,31.474376],[-99.437388,31.473764],[-99.42241,31.466602],[-99.407693,31.462079],[-99.404522,31.454971],[-99.398558,31.446261],[-99.378454,31.441126],[-99.362823,31.435099],[-99.350517,31.431823],[-99.343598,31.425869],[-99.329447,31.416661],[-99.310075,31.423842],[-99.297939,31.432654],[-99.281438,31.448056],[-99.272527,31.454408],[-99.26398,31.465662],[-99.24856,31.477197],[-99.237393,31.481799],[-99.227497,31.478992],[-99.213873,31.472035],[-99.201277,31.470813],[-99.19107,31.472106],[-99.184733,31.462244],[-99.174004,31.461703],[-99.150321,31.467688],[-99.128654,31.461829],[-99.116592,31.460827],[-99.106947,31.458461],[-99.097648,31.451304],[-99.085963,31.454061],[-99.071637,31.460565],[-99.057475,31.47386],[-99.043302,31.487148],[-99.027823,31.479948],[-99.011249,31.47499],[-98.995854,31.482387],[-98.990295,31.476408],[-98.987253,31.462463],[-98.972075,31.453652],[-98.95705,31.453969],[-98.942778,31.457265],[-98.931401,31.445744],[-98.918946,31.435244],[-98.900671,31.43622],[-98.881047,31.440251],[-98.863356,31.439367],[-98.852592,31.422819],[-98.840561,31.411964],[-98.823611,31.414531],[-98.815497,31.410564],[-98.806429,31.407608],[-98.787576,31.412201],[-98.776093,31.409903],[-98.776608,31.393029],[-98.773605,31.378624],[-98.760149,31.381898],[-98.749079,31.404605],[-98.738159,31.416906],[-98.727236,31.429216],[-98.724453,31.418007],[-98.710941,31.407802],[-98.694219,31.397328],[-98.700872,31.375843],[-98.707515,31.354356],[-98.702586,31.345397],[-98.683518,31.348371],[-98.664496,31.363229],[-98.645777,31.361171],[-98.642007,31.34628],[-98.644576,31.336954],[-98.633081,31.327797],[-98.615825,31.317294],[-98.600141,31.318808],[-98.594831,31.315901],[-98.598387,31.296523],[-98.611163,31.28607],[-98.623349,31.277997],[-98.617378,31.266511],[-98.603063,31.258128],[-98.593392,31.260973],[-98.58632,31.267497],[-98.573655,31.256385],[-98.563847,31.236172],[-98.564291,31.218812],[-98.564741,31.201457],[-98.551753,31.193982],[-98.54279,31.186343],[-98.532402,31.173307],[-98.522011,31.160275],[-98.526316,31.144779],[-98.538441,31.131703],[-98.5419,31.117832],[-98.528832,31.100746],[-98.515512,31.09886],[-98.501903,31.112155],[-98.487354,31.118908],[-98.477022,31.11488],[-98.465644,31.109244],[-98.463383,31.101674],[-98.463373,31.087756],[-98.464619,31.078185],[-98.477556,31.071962],[-98.480953,31.061734],[-98.471659,31.05235],[-98.456551,31.045041],[-98.445186,31.03268],[-98.449722,31.019055],[-98.458173,31.009585],[-98.454231,30.999032],[-98.446187,30.98703],[-98.450551,30.960805],[-98.435052,30.949402],[-98.419131,30.945303],[-98.418546,30.933634],[-98.430693,30.921095],[-98.440173,30.91951]]},"properties":{"strokeweig":0.2,"name":"Colorado","featurecla":"River","scalerank":10,"min_zoom":6,"min_label":7,"ne_id":1159138475,"rivernum":22414,"dissolve":"22414River","name_alt":null,"note":"ID is link back to CEC data","name_full":"Colorado River","label":"Colorado","wikidataid":"Q847785","name_ar":null,"name_bn":"কলোরাডো নদী","name_de":"Colorado","name_en":"Colorado","name_es":"Colorado","name_fr":"Colorado","name_el":null,"name_hi":null,"name_hu":"Colorado","name_id":null,"name_it":"Colorado del Texas","name_ja":"コロラド川","name_ko":null,"name_nl":"Colorado","name_pl":"Colorado","name_pt":"Colorado","name_ru":"Колорадо","name_sv":"Coloradofloden","name_tr":"Colorado","name_vi":"Colorado","name_zh":"科羅拉多河","name_fa":"رودخانه کلرادو","name_he":null,"name_uk":"Колорадо","name_ur":null,"name_zht":"科羅拉多河","_hydro_kind":"river","_source":"Natural Earth 10m"}},{"type":"Feature","geometry":{"type":"LineString","coordinates":[[-96.894474,28.507899],[-96.904722,28.503824],[-96.917814,28.493175],[-96.928728,28.492123],[-96.945759,28.500863],[-96.965969,28.505585],[-96.986194,28.510303],[-97.006362,28.515006],[-97.018804,28.51466],[-97.026969,28.525671],[-97.04217,28.53551],[-97.05386,28.541588],[-97.067289,28.542887],[-97.086965,28.535831],[-97.102521,28.543375],[-97.121294,28.54733],[-97.135575,28.546329],[-97.14562,28.54821],[-97.15491,28.55305],[-97.161484,28.565634],[-97.163971,28.580168],[-97.169561,28.591348],[-97.179373,28.600355],[-97.183492,28.616788],[-97.188508,28.629534],[-97.198594,28.626339],[-97.210133,28.615145],[-97.230448,28.608094],[-97.24323,28.613487],[-97.248942,28.629263],[-97.266095,28.644178],[-97.280929,28.650773],[-97.290889,28.639518],[-97.3053,28.626308],[-97.313103,28.633847],[-97.321834,28.637054],[-97.335063,28.636926],[-97.351559,28.644118],[-97.368057,28.651307],[-97.37917,28.66102],[-97.390703,28.657388],[-97.405007,28.648058],[-97.414596,28.640273],[-97.420919,28.640781],[-97.431261,28.650903],[-97.447586,28.648934],[-97.46391,28.646962],[-97.480141,28.646426],[-97.496378,28.645887],[-97.508878,28.644106],[-97.520942,28.648522],[-97.530891,28.663],[-97.547334,28.668423],[-97.563771,28.673844],[-97.574947,28.68258],[-97.589897,28.685928],[-97.600905,28.698109],[-97.611908,28.710289],[-97.628752,28.71205],[-97.637887,28.7235],[-97.644046,28.744302],[-97.655672,28.756042],[-97.671114,28.751552],[-97.686881,28.74479],[-97.699211,28.749894],[-97.704555,28.763074],[-97.708034,28.778306],[-97.718117,28.789786],[-97.729118,28.805849],[-97.731426,28.82611],[-97.735899,28.837909],[-97.749993,28.846001],[-97.759194,28.856506],[-97.759905,28.86937],[-97.763674,28.874278],[-97.775546,28.877402],[-97.788844,28.88664],[-97.798472,28.905952],[-97.80811,28.925262],[-97.828948,28.934853],[-97.849111,28.940081],[-97.861886,28.949277],[-97.874305,28.951808],[-97.891605,28.948024],[-97.912617,28.940172],[-97.933625,28.932315],[-97.946063,28.934389],[-97.959461,28.944506],[-97.972578,28.952106],[-97.986004,28.964514],[-97.999433,28.976921],[-98.016086,28.977455],[-98.030319,28.969911],[-98.041567,28.967148],[-98.051169,28.957926],[-98.059078,28.942446],[-98.069547,28.939663],[-98.074824,28.948255],[-98.083965,28.958048],[-98.092995,28.972888],[-98.099677,28.988148],[-98.109796,29.001186],[-98.122807,29.024817],[-98.135484,29.040171],[-98.155049,29.051999],[-98.164531,29.070959],[-98.166184,29.090707],[-98.170053,29.104098],[-98.178267,29.110439],[-98.19127,29.12981],[-98.204293,29.149184],[-98.206488,29.168494],[-98.220451,29.186829],[-98.237043,29.194718],[-98.253637,29.20261],[-98.266225,29.21314],[-98.282336,29.21639],[-98.302028,29.212355],[-98.324728,29.212133],[-98.350526,29.215729],[-98.365814,29.227648],[-98.375287,29.237442],[-98.389522,29.230313],[-98.403657,29.228209],[-98.41978,29.231189],[-98.439127,29.230116],[-98.457779,29.239101],[-98.472701,29.251328],[-98.485633,29.2591],[-98.502811,29.262198],[-98.520684,29.256238],[-98.539375,29.24779],[-98.55907,29.248641],[-98.57539,29.2569],[-98.604121,29.265177],[-98.618515,29.279555],[-98.627825,29.284705],[-98.646318,29.288395],[-98.664114,29.302486],[-98.676956,29.317566],[-98.686629,29.334293],[-98.697414,29.346447],[-98.712489,29.352365],[-98.723478,29.350771],[-98.738608,29.344417],[-98.764463,29.339778],[-98.790336,29.335131],[-98.81612,29.330493],[-98.841443,29.331237],[-98.859486,29.330045],[-98.869634,29.333456],[-98.876221,29.349828],[-98.892254,29.363171],[-98.904508,29.376026],[-98.916765,29.388879],[-98.918772,29.39623],[-98.913398,29.406722],[-98.913189,29.422303],[-98.900025,29.4288],[-98.89495,29.436779],[-98.893976,29.450307],[-98.889373,29.46149],[-98.894087,29.481456],[-98.902522,29.49735],[-98.904681,29.512047],[-98.913942,29.524741],[-98.929083,29.529723],[-98.934441,29.542714],[-98.943577,29.55601],[-98.964116,29.559764],[-98.981536,29.569886],[-98.986689,29.588663],[-98.987407,29.60498],[-98.984565,29.619664],[-98.973991,29.628674],[-98.9694,29.63917],[-98.977641,29.651164],[-98.983025,29.661537],[-98.977878,29.675232],[-98.976129,29.689064],[-98.974385,29.702897],[-98.975533,29.715265],[-98.985924,29.725922],[-99.001166,29.724232],[-99.023075,29.714809],[-99.039335,29.718151],[-99.050002,29.726939],[-99.060788,29.725211],[-99.084631,29.72495],[-99.108468,29.724696],[-99.121251,29.733487],[-99.129397,29.744765],[-99.14059,29.754479],[-99.16133,29.755337],[-99.17366,29.758412],[-99.18045,29.764416],[-99.203953,29.778808],[-99.23026,29.790844],[-99.256574,29.802879]]},"properties":{"strokeweig":0.2,"name":"San Antonio","featurecla":"River","scalerank":11,"min_zoom":6.7,"min_label":7.7,"ne_id":1159138189,"rivernum":22356,"dissolve":"22356River","name_alt":null,"note":"ID is link back to CEC data","name_full":"San Antonio River","label":"San Antonio","wikidataid":"Q1751381","name_ar":null,"name_bn":null,"name_de":"San Antonio","name_en":"San Antonio","name_es":"San Antonio","name_fr":"San Antonio","name_el":null,"name_hi":null,"name_hu":null,"name_id":null,"name_it":"San Antonio","name_ja":"サン・アントニオ川","name_ko":null,"name_nl":"San Antonio","name_pl":null,"name_pt":"San Antonio","name_ru":"Сан-Антонио","name_sv":null,"name_tr":null,"name_vi":null,"name_zh":"聖安東尼奧河","name_fa":"رودخانه سن آنتونیو","name_he":null,"name_uk":null,"name_ur":null,"name_zht":"聖安東尼奧河","_hydro_kind":"river","_source":"Natural Earth 10m"}},{"type":"Feature","geometry":{"type":"LineString","coordinates":[[-98.294617,29.897996],[-98.304048,29.900689],[-98.325851,29.900065],[-98.352577,29.893337],[-98.371673,29.890468],[-98.379563,29.884418],[-98.385882,29.871226],[-98.39781,29.859703],[-98.412977,29.864051],[-98.42729,29.872741],[-98.442253,29.874769],[-98.453655,29.884093],[-98.469571,29.890957],[-98.481257,29.885388],[-98.486941,29.877238],[-98.500364,29.877654],[-98.516604,29.880849],[-98.533456,29.881531],[-98.542588,29.893107],[-98.551728,29.904676],[-98.562351,29.89933],[-98.574686,29.885978],[-98.598983,29.881704],[-98.613302,29.890832],[-98.604378,29.904676],[-98.595451,29.918518],[-98.604241,29.928725],[-98.622747,29.924376],[-98.632278,29.905041],[-98.638956,29.898939],[-98.655213,29.902798],[-98.668306,29.908001],[-98.674641,29.922937],[-98.684891,29.940466],[-98.684456,29.951699],[-98.686135,29.962],[-98.706663,29.963391],[-98.722873,29.953749],[-98.733161,29.952724],[-98.754444,29.956634],[-98.775723,29.960534],[-98.797603,29.959609],[-98.812591,29.961145],[-98.827213,29.969789],[-98.83843,29.978163],[-98.853432,29.970657],[-98.868426,29.963149],[-98.889253,29.96151],[-98.916192,29.955602],[-98.934265,29.94364],[-98.951611,29.934878],[-98.967175,29.933657],[-98.993641,29.936495],[-99.02019,29.939339],[-99.04672,29.942178],[-99.060345,29.949623],[-99.076334,29.956387],[-99.086266,29.96173],[-99.100622,29.974231],[-99.113344,29.992642],[-99.119512,30.007775],[-99.123577,30.022119],[-99.127651,30.036463],[-99.148905,30.046121],[-99.170156,30.055774],[-99.185096,30.06481],[-99.206813,30.068181],[-99.232453,30.06975],[-99.2581,30.0713],[-99.282521,30.069058],[-99.306942,30.066811],[-99.326413,30.070118],[-99.334057,30.073627]]},"properties":{"strokeweig":0.2,"name":"Guadalupe","featurecla":"River","scalerank":10,"min_zoom":6,"min_label":7,"ne_id":1159138277,"rivernum":22376,"dissolve":"22376River","name_alt":null,"note":"ID is link back to CEC data","name_full":"Guadalupe River","label":"Guadalupe","wikidataid":"Q1552614","name_ar":null,"name_bn":null,"name_de":"Guadalupe","name_en":"Guadalupe","name_es":"Guadalupe","name_fr":"Guadalupe","name_el":null,"name_hi":null,"name_hu":null,"name_id":null,"name_it":null,"name_ja":"グアダルーペ川","name_ko":null,"name_nl":null,"name_pl":null,"name_pt":null,"name_ru":"Гуадалупе","name_sv":null,"name_tr":null,"name_vi":null,"name_zh":"瓜達盧佩河","name_fa":"رودخانه گوادالوپه","name_he":"גוודלופה","name_uk":null,"name_ur":null,"name_zht":"瓜達盧佩河","_hydro_kind":"river","_source":"Natural Earth 10m"}},{"type":"Feature","geometry":{"type":"LineString","coordinates":[[-100.926843,29.640831],[-100.925983,29.656346],[-100.941081,29.662624],[-100.959135,29.655937],[-100.97662,29.655237],[-100.992455,29.66105],[-101.004131,29.671935],[-101.007402,29.687088],[-101.010668,29.702241],[-101.017929,29.714778],[-101.017698,29.727815],[-101.009973,29.741399],[-101.00482,29.754437],[-100.999659,29.767474],[-100.991654,29.780403],[-100.995073,29.791244],[-101.009918,29.800045],[-101.022394,29.810342],[-101.025956,29.822233],[-101.013687,29.840189],[-101.001406,29.858145],[-100.994277,29.87792],[-100.994194,29.893498],[-101.00457,29.903236],[-101.027253,29.906701],[-101.050663,29.904649],[-101.066058,29.893956],[-101.078028,29.884002],[-101.091508,29.887515],[-101.095647,29.901531],[-101.091133,29.919685],[-101.093559,29.93442],[-101.102931,29.945781],[-101.115225,29.949793],[-101.129459,29.949647],[-101.15311,29.964965],[-101.167966,29.971682],[-101.174847,29.983498],[-101.173768,30.000462]]},"properties":{"strokeweig":0.2,"name":"Devils","featurecla":"River","scalerank":11,"min_zoom":6.7,"min_label":7.7,"ne_id":1159140997,"rivernum":22989,"dissolve":"22989River","name_alt":null,"note":"ID is link back to CEC data","name_full":"Devils River","label":"Devils","wikidataid":"Q5267445","name_ar":null,"name_bn":null,"name_de":null,"name_en":"Devils","name_es":null,"name_fr":null,"name_el":null,"name_hi":null,"name_hu":null,"name_id":null,"name_it":null,"name_ja":"デビルズ川","name_ko":null,"name_nl":null,"name_pl":null,"name_pt":null,"name_ru":null,"name_sv":null,"name_tr":null,"name_vi":null,"name_zh":null,"name_fa":null,"name_he":null,"name_uk":null,"name_ur":null,"name_zht":null,"_hydro_kind":"river","_source":"Natural Earth 10m"}},{"type":"Feature","geometry":{"type":"LineString","coordinates":[[-101.173768,30.000462],[-101.174688,30.017836],[-101.182048,30.034462],[-101.18544,30.050921],[-101.169997,30.05888],[-101.149052,30.051062],[-101.137089,30.045227],[-101.13039,30.056534],[-101.118364,30.06376],[-101.106783,30.06525],[-101.108235,30.075748],[-101.112495,30.089083],[-101.113492,30.103527],[-101.119658,30.120495],[-101.120693,30.137882],[-101.113544,30.154896],[-101.105729,30.16388],[-101.092161,30.166062],[-101.075577,30.17127],[-101.058577,30.172465],[-101.041092,30.169652],[-101.021358,30.174302],[-101.0054,30.18727],[-100.995256,30.200403],[-100.982184,30.211049],[-100.96508,30.217151],[-100.953571,30.227087],[-100.961665,30.240958],[-100.973189,30.255043],[-100.965117,30.265883],[-100.95329,30.271473],[-100.949372,30.287734],[-100.947098,30.3087],[-100.944825,30.329682],[-100.942559,30.350593],[-100.947528,30.368221],[-100.9525,30.385854],[-100.944374,30.393912],[-100.935248,30.40541],[-100.925092,30.421525],[-100.920188,30.433701],[-100.926699,30.446456],[-100.927919,30.460828],[-100.91912,30.480117],[-100.90385,30.501502],[-100.888567,30.522891],[-100.879215,30.540808],[-100.876607,30.557623],[-100.87172,30.572527],[-100.873651,30.590905],[-100.872286,30.611489],[-100.867024,30.628559],[-100.867972,30.643444],[-100.872758,30.662539],[-100.87754,30.681632]]},"properties":{"strokeweig":0.2,"name":"Devils","featurecla":"River (Intermittent)","scalerank":11,"min_zoom":6.7,"min_label":7.7,"ne_id":1159138315,"rivernum":22379,"dissolve":"22379River (Intermittent)","name_alt":null,"note":"ID is link back to CEC data","name_full":null,"label":null,"wikidataid":"Q5267445","name_ar":null,"name_bn":null,"name_de":null,"name_en":null,"name_es":null,"name_fr":null,"name_el":null,"name_hi":null,"name_hu":null,"name_id":null,"name_it":null,"name_ja":null,"name_ko":null,"name_nl":null,"name_pl":null,"name_pt":null,"name_ru":null,"name_sv":null,"name_tr":null,"name_vi":null,"name_zh":null,"name_fa":null,"name_he":null,"name_uk":null,"name_ur":null,"name_zht":null,"_hydro_kind":"river","_source":"Natural Earth 10m"}},{"type":"Feature","geometry":{"type":"LineString","coordinates":[[-103.21189,29.79561],[-103.197737,29.785115],[-103.179429,29.764503],[-103.160989,29.743729],[-103.14261,29.723004],[-103.124359,29.702407],[-103.106177,29.681883],[-103.100519,29.664385],[-103.093693,29.653922],[-103.073301,29.657867],[-103.052901,29.661802],[-103.032464,29.670408],[-103.012908,29.67393],[-102.994178,29.672391],[-102.97204,29.673571],[-102.947981,29.668965],[-102.932031,29.655992],[-102.922647,29.643163],[-102.912423,29.632097],[-102.90133,29.622761],[-102.892653,29.611074],[-102.881759,29.599617],[-102.870874,29.588158],[-102.86036,29.573057],[-102.846099,29.56232],[-102.82865,29.561567],[-102.807689,29.566811],[-102.786732,29.57205]]},"properties":{"strokeweig":0.2,"name":"Maravillas","featurecla":"River (Intermittent)","scalerank":12,"min_zoom":7,"min_label":8,"ne_id":1159140993,"rivernum":22988,"dissolve":"22988River (Intermittent)","name_alt":null,"note":"ID is link back to CEC data","name_full":null,"label":null,"wikidataid":"Q15246559","name_ar":null,"name_bn":null,"name_de":null,"name_en":null,"name_es":null,"name_fr":null,"name_el":null,"name_hi":null,"name_hu":null,"name_id":null,"name_it":null,"name_ja":null,"name_ko":null,"name_nl":null,"name_pl":null,"name_pt":null,"name_ru":null,"name_sv":null,"name_tr":null,"name_vi":null,"name_zh":null,"name_fa":null,"name_he":null,"name_uk":null,"name_ur":null,"name_zht":null,"_hydro_kind":"river","_source":"Natural Earth 10m"}},{"type":"Feature","geometry":{"type":"LineString","coordinates":[[-98.913141,28.865174],[-98.906002,28.845643],[-98.898843,28.826042],[-98.891672,28.806399],[-98.884542,28.786853],[-98.874768,28.770674],[-98.865402,28.751274],[-98.852506,28.736464],[-98.845692,28.722619],[-98.83527,28.706902],[-98.812548,28.699538],[-98.790736,28.698829],[-98.770434,28.695266],[-98.75235,28.689776],[-98.734275,28.684282],[-98.718474,28.681566],[-98.70782,28.675112],[-98.69838,28.665231],[-98.685025,28.65565],[-98.667987,28.65143],[-98.649744,28.649836],[-98.633982,28.645509],[-98.620918,28.644176],[-98.60932,28.640108],[-98.596499,28.630283],[-98.589664,28.62079],[-98.573569,28.607031],[-98.557479,28.593275],[-98.541607,28.582047],[-98.519719,28.573937],[-98.504597,28.55718],[-98.489481,28.540421],[-98.47515,28.530557],[-98.465664,28.525377],[-98.450144,28.518597],[-98.439446,28.511838]]},"properties":{"strokeweig":0.2,"name":"San Miguel","featurecla":"River","scalerank":12,"min_zoom":7,"min_label":8,"ne_id":1159138193,"rivernum":22357,"dissolve":"22357River (Intermittent)","name_alt":null,"note":"ID is link back to CEC data","name_full":null,"label":null,"wikidataid":null,"name_ar":null,"name_bn":null,"name_de":null,"name_en":null,"name_es":null,"name_fr":null,"name_el":null,"name_hi":null,"name_hu":null,"name_id":null,"name_it":null,"name_ja":null,"name_ko":null,"name_nl":null,"name_pl":null,"name_pt":null,"name_ru":null,"name_sv":null,"name_tr":null,"name_vi":null,"name_zh":null,"name_fa":null,"name_he":null,"name_uk":null,"name_ur":null,"name_zht":null,"_hydro_kind":"river","_source":"Natural Earth 10m"}},{"type":"Feature","geometry":{"type":"LineString","coordinates":[[-98.523324,28.466028],[-98.539239,28.461062],[-98.555154,28.456093],[-98.570462,28.446538],[-98.58576,28.43698],[-98.60417,28.434026],[-98.613105,28.424941],[-98.621709,28.420886],[-98.638356,28.430508],[-98.65575,28.426833],[-98.673136,28.423156],[-98.691922,28.42936],[-98.709453,28.433022],[-98.71994,28.440738],[-98.731099,28.455802],[-98.743621,28.465593],[-98.754549,28.46963],[-98.769801,28.472097],[-98.79744,28.465979],[-98.815267,28.468715],[-98.82851,28.465638],[-98.843901,28.456166],[-98.855843,28.453773],[-98.870158,28.447472],[-98.888574,28.442838],[-98.890166,28.459621],[-98.891752,28.47641],[-98.904937,28.498618],[-98.912703,28.517631],[-98.915088,28.533515],[-98.921951,28.543345],[-98.932865,28.550349],[-98.94336,28.560567],[-98.95159,28.575358],[-98.966728,28.588123],[-98.987958,28.589688],[-98.997503,28.592765],[-99.011551,28.598989],[-99.025602,28.605217],[-99.038449,28.614626],[-99.051293,28.624034],[-99.059697,28.6379],[-99.064506,28.648742],[-99.068254,28.661977],[-99.071997,28.675207],[-99.090269,28.688686],[-99.108552,28.702162],[-99.121239,28.716147],[-99.14218,28.73163],[-99.163128,28.747107],[-99.174771,28.763944],[-99.176968,28.778218],[-99.182613,28.798231],[-99.192571,28.815297],[-99.209267,28.836098],[-99.210713,28.848259],[-99.207699,28.864298],[-99.206646,28.878974],[-99.198229,28.903352],[-99.189795,28.927729],[-99.193029,28.943685],[-99.206173,28.958249],[-99.219938,28.967598],[-99.233705,28.976939],[-99.24662,28.988269],[-99.264511,28.996071],[-99.279082,29.000543],[-99.291285,29.010368],[-99.303497,29.020185],[-99.318294,29.027396],[-99.324601,29.036047],[-99.325515,29.052135],[-99.337371,29.068715],[-99.348489,29.080022],[-99.359616,29.091322],[-99.373548,29.092447],[-99.39104,29.090932],[-99.412239,29.093673],[-99.437228,29.100688],[-99.459102,29.104483],[-99.470333,29.102256],[-99.486612,29.104176],[-99.502898,29.106087],[-99.515362,29.114635],[-99.533828,29.120885],[-99.547139,29.121402],[-99.553144,29.142754],[-99.563272,29.1538],[-99.583387,29.160769],[-99.603505,29.16774],[-99.619516,29.175125],[-99.635522,29.182507],[-99.659499,29.189465],[-99.67121,29.201425],[-99.672185,29.217953],[-99.678385,29.232194],[-99.674937,29.249133],[-99.673819,29.266101],[-99.666982,29.275256],[-99.654938,29.282315],[-99.64992,29.296278],[-99.649627,29.305679],[-99.656704,29.331866],[-99.66378,29.358057],[-99.658978,29.380665],[-99.654175,29.403271],[-99.657777,29.417128],[-99.664679,29.427108],[-99.666461,29.442016],[-99.670479,29.451527],[-99.685909,29.45319],[-99.703695,29.458975],[-99.70651,29.475944],[-99.707216,29.496326],[-99.702562,29.51796],[-99.708555,29.531963],[-99.719121,29.542639],[-99.727073,29.553999],[-99.727821,29.569371],[-99.733984,29.588111],[-99.740155,29.60685],[-99.746537,29.621072],[-99.749886,29.640329],[-99.74944,29.656804],[-99.745199,29.670562],[-99.748573,29.682946],[-99.756158,29.695326],[-99.755318,29.714101],[-99.75447,29.732877]]},"properties":{"strokeweig":0.2,"name":"Frio","featurecla":"River","scalerank":11,"min_zoom":6.7,"min_label":7.7,"ne_id":1159138177,"rivernum":22353,"dissolve":"22353River","name_alt":null,"note":"ID is link back to CEC data","name_full":"Frio River","label":"Frio","wikidataid":"Q3433689","name_ar":null,"name_bn":null,"name_de":null,"name_en":"Frio","name_es":null,"name_fr":"Frio","name_el":null,"name_hi":null,"name_hu":"Frio","name_id":null,"name_it":null,"name_ja":"フリオ川","name_ko":null,"name_nl":null,"name_pl":null,"name_pt":null,"name_ru":null,"name_sv":null,"name_tr":null,"name_vi":null,"name_zh":"弗裏奧河","name_fa":"رودخانه فریو","name_he":null,"name_uk":null,"name_ur":null,"name_zht":"弗裏奧河","_hydro_kind":"river","_source":"Natural Earth 10m"}},{"type":"Feature","geometry":{"type":"LineString","coordinates":[[-98.198448,28.425394],[-98.201394,28.44107],[-98.201733,28.46096],[-98.197998,28.477309],[-98.204416,28.484777],[-98.220996,28.483399],[-98.229273,28.482706]]},"properties":{"strokeweig":0.2,"name":"Nueces","featurecla":"River","scalerank":10,"min_zoom":6,"min_label":7,"ne_id":1159138149,"rivernum":22346,"dissolve":"22346River","name_alt":null,"note":"ID is link back to CEC data","name_full":"Nueces River","label":"Nueces","wikidataid":"Q1468723","name_ar":null,"name_bn":null,"name_de":"Nueces","name_en":"Nueces","name_es":"Nueces","name_fr":"Nueces","name_el":null,"name_hi":null,"name_hu":null,"name_id":null,"name_it":"Nueces","name_ja":"ヌエセス川","name_ko":"누에시스강","name_nl":"Nueces","name_pl":"Nueces","name_pt":"Nueces","name_ru":"Нуэсес","name_sv":"Nueces","name_tr":null,"name_vi":null,"name_zh":"努埃塞斯河","name_fa":null,"name_he":null,"name_uk":"Нуесес","name_ur":null,"name_zht":"努埃塞斯河","_hydro_kind":"river","_source":"Natural Earth 10m"}},{"type":"Feature","geometry":{"type":"LineString","coordinates":[[-99.455795,28.411392],[-99.478798,28.41173],[-99.499196,28.415272],[-99.513359,28.426381],[-99.531111,28.444838],[-99.540079,28.457728],[-99.544401,28.472673],[-99.56348,28.486755],[-99.578964,28.496254],[-99.593186,28.498623],[-99.614209,28.498116],[-99.635237,28.497599],[-99.654692,28.493983],[-99.674995,28.494523],[-99.687649,28.499622],[-99.7024,28.50241],[-99.721296,28.504062],[-99.728793,28.510756],[-99.736273,28.519276],[-99.747899,28.526544],[-99.757178,28.540124],[-99.763093,28.552653],[-99.767217,28.558165],[-99.77028,28.574015],[-99.77657,28.594937],[-99.78287,28.615858],[-99.781652,28.635026],[-99.780434,28.654189],[-99.785585,28.667053],[-99.793351,28.678092],[-99.799282,28.691765],[-99.805214,28.705432],[-99.812711,28.717861],[-99.820743,28.726139],[-99.817084,28.739195],[-99.81575,28.751818],[-99.820253,28.767897],[-99.824751,28.783976],[-99.816538,28.801509],[-99.803335,28.812007],[-99.790129,28.822498],[-99.793485,28.835583],[-99.799175,28.850967],[-99.794195,28.865522],[-99.783216,28.882261],[-99.781094,28.897392],[-99.787837,28.910982],[-99.791703,28.924182],[-99.798956,28.936119],[-99.794742,28.956752],[-99.79939,28.970767],[-99.800405,28.985336],[-99.805587,28.998434],[-99.812836,29.011271],[-99.822183,29.023909],[-99.835709,29.033219],[-99.845832,29.054118],[-99.856768,29.060998],[-99.866261,29.073059],[-99.875751,29.085119],[-99.882513,29.100965],[-99.895255,29.119324],[-99.899668,29.133996],[-99.915431,29.152607],[-99.905232,29.163139],[-99.899604,29.179185],[-99.904815,29.191809],[-99.906634,29.205333],[-99.90569,29.225505],[-99.91168,29.242491],[-99.92459,29.25326],[-99.937394,29.259707],[-99.937656,29.271401],[-99.94156,29.279408],[-99.950171,29.286071],[-99.952389,29.305558],[-99.952631,29.332165],[-99.958245,29.351867],[-99.978117,29.363905],[-99.997987,29.37594],[-100.005586,29.388098],[-99.989871,29.409657],[-99.989598,29.426266],[-99.994318,29.443002],[-100.006364,29.45824],[-100.01423,29.475426],[-100.015668,29.492488],[-100.022232,29.506026],[-100.020001,29.522404],[-100.007949,29.535572],[-99.995893,29.548743],[-99.994835,29.567984],[-100.002706,29.584975],[-100.003481,29.600091],[-100.007554,29.613368],[-100.011628,29.62665],[-100.012935,29.639467],[-100.02238,29.652744],[-100.023177,29.663516],[-100.021086,29.676331],[-100.03292,29.701091],[-100.036859,29.713219],[-100.031868,29.721228],[-100.028461,29.729238],[-100.026095,29.752254],[-100.032411,29.768524],[-100.031892,29.782386]]},"properties":{"strokeweig":0.2,"name":"Nueces","featurecla":"River","scalerank":10,"min_zoom":6,"min_label":7,"ne_id":1159138149,"rivernum":22346,"dissolve":"22346River","name_alt":null,"note":"ID is link back to CEC data","name_full":"Nueces River","label":"Nueces","wikidataid":"Q1468723","name_ar":null,"name_bn":null,"name_de":"Nueces","name_en":"Nueces","name_es":"Nueces","name_fr":"Nueces","name_el":null,"name_hi":null,"name_hu":null,"name_id":null,"name_it":"Nueces","name_ja":"ヌエセス川","name_ko":"누에시스강","name_nl":"Nueces","name_pl":"Nueces","name_pt":"Nueces","name_ru":"Нуэсес","name_sv":"Nueces","name_tr":null,"name_vi":null,"name_zh":"努埃塞斯河","name_fa":null,"name_he":null,"name_uk":"Нуесес","name_ur":null,"name_zht":"努埃塞斯河","_hydro_kind":"river","_source":"Natural Earth 10m"}},{"type":"Feature","geometry":{"type":"LineString","coordinates":[[-98.646719,33.019395],[-98.661189,33.012245],[-98.675657,33.005093],[-98.691035,33.001402],[-98.699915,32.993766],[-98.710666,32.980682],[-98.72589,32.970371],[-98.736689,32.970276],[-98.748052,32.977235],[-98.762041,32.973744],[-98.773906,32.967031],[-98.779766,32.959342],[-98.784381,32.943913],[-98.795367,32.94108],[-98.807825,32.947599],[-98.822357,32.944541],[-98.830681,32.935975],[-98.824554,32.925674],[-98.8255,32.917032],[-98.839823,32.909901],[-98.846308,32.914763],[-98.850009,32.92345],[-98.869156,32.902234],[-98.877302,32.905969],[-98.892583,32.907019],[-98.904789,32.913513],[-98.911713,32.926796],[-98.920029,32.938466],[-98.938251,32.945447],[-98.955282,32.938786],[-98.963022,32.931803],[-98.976643,32.9358],[-98.986257,32.932022],[-98.998237,32.924041],[-99.018204,32.923991],[-99.034198,32.922179],[-99.043586,32.914051],[-99.060085,32.90441],[-99.078655,32.905945],[-99.094966,32.914054],[-99.111788,32.911118],[-99.123676,32.898679],[-99.131714,32.899076],[-99.135943,32.91232],[-99.143587,32.913049],[-99.158403,32.907463],[-99.165119,32.918664],[-99.171861,32.926119],[-99.190529,32.91918],[-99.207705,32.921692],[-99.219437,32.938504],[-99.231168,32.955308],[-99.234963,32.972305],[-99.23876,32.989295],[-99.23986,33.002589],[-99.251453,33.021113],[-99.267333,33.034533],[-99.284037,33.033296],[-99.297274,33.022444],[-99.314189,33.026186],[-99.31844,33.041226],[-99.311235,33.052115],[-99.315519,33.06215],[-99.325077,33.06447],[-99.330362,33.054945],[-99.338876,33.052283],[-99.349551,33.051893],[-99.362177,33.046502],[-99.371242,33.041539],[-99.357149,33.027115],[-99.38405,33.013831],[-99.404036,33.013246],[-99.416313,33.015592],[-99.42841,33.006559],[-99.441589,33.00026],[-99.434561,32.98861],[-99.423994,32.976037],[-99.429537,32.967637],[-99.438522,32.972234],[-99.446943,32.980242],[-99.456755,32.984168],[-99.467706,32.981046],[-99.462579,32.971229],[-99.454434,32.961851],[-99.457806,32.950041],[-99.463052,32.94232],[-99.468632,32.92345],[-99.490389,32.941052],[-99.496195,32.931071],[-99.507441,32.925452],[-99.520841,32.922109],[-99.519548,32.910242],[-99.519499,32.896578],[-99.528051,32.883869],[-99.529094,32.867712],[-99.531074,32.856336],[-99.539788,32.860245],[-99.549307,32.866882],[-99.556731,32.85826],[-99.556844,32.83844],[-99.566202,32.823229],[-99.588872,32.819689],[-99.604461,32.811099],[-99.6164,32.796902],[-99.628336,32.782703],[-99.630329,32.766686],[-99.629314,32.749319],[-99.628299,32.731946],[-99.649919,32.712414],[-99.662528,32.695592],[-99.67758,32.679482],[-99.681168,32.666735],[-99.686911,32.661045],[-99.69211,32.65402],[-99.692848,32.639917],[-99.697548,32.621688],[-99.703446,32.608292],[-99.715726,32.600359],[-99.72911,32.589446],[-99.74245,32.585147],[-99.771854,32.590742],[-99.801353,32.596346],[-99.830843,32.601943],[-99.854636,32.614274],[-99.878436,32.626598],[-99.890922,32.640958],[-99.904533,32.647569],[-99.930951,32.650086],[-99.955448,32.659438],[-99.981035,32.662857],[-100.003094,32.655335],[-100.01563,32.653525],[-100.028148,32.657976],[-100.044494,32.660463],[-100.060015,32.660784],[-100.077729,32.663273],[-100.100322,32.65939],[-100.126992,32.649795],[-100.146065,32.652284],[-100.16159,32.657725],[-100.181501,32.66818],[-100.195964,32.679997],[-100.210724,32.69865],[-100.230633,32.705214],[-100.248614,32.715093]]},"properties":{"strokeweig":0.2,"name":"Clear Fk.  Brazos","featurecla":"River","scalerank":11,"min_zoom":6.7,"min_label":7.7,"ne_id":1159138615,"rivernum":22446,"dissolve":"22446River","name_alt":null,"note":"ID is link back to CEC data","name_full":"Clear Fork Brazos River","label":null,"wikidataid":null,"name_ar":null,"name_bn":null,"name_de":null,"name_en":null,"name_es":null,"name_fr":null,"name_el":null,"name_hi":null,"name_hu":null,"name_id":null,"name_it":null,"name_ja":null,"name_ko":null,"name_nl":null,"name_pl":null,"name_pt":null,"name_ru":null,"name_sv":null,"name_tr":null,"name_vi":null,"name_zh":null,"name_fa":null,"name_he":null,"name_uk":null,"name_ur":null,"name_zht":null,"_hydro_kind":"river","_source":"Natural Earth 10m"}},{"type":"Feature","geometry":{"type":"LineString","coordinates":[[-99.991364,33.266913],[-100.01302,33.255212],[-100.030326,33.251726],[-100.05251,33.25258],[-100.071172,33.248914],[-100.078573,33.239366],[-100.085682,33.225168],[-100.098292,33.207621],[-100.110616,33.200675],[-100.122265,33.210497],[-100.133925,33.220323],[-100.149869,33.227802],[-100.159768,33.239736],[-100.160624,33.256825],[-100.170797,33.265908],[-100.181476,33.258827],[-100.193802,33.252434],[-100.211676,33.260805],[-100.217474,33.274229],[-100.224356,33.282873],[-100.232365,33.295132],[-100.238163,33.308777],[-100.231617,33.327649],[-100.244546,33.33241],[-100.25556,33.340807],[-100.277596,33.35348],[-100.285867,33.363026],[-100.301404,33.367186],[-100.316936,33.37135],[-100.329047,33.373378],[-100.334124,33.359938],[-100.335493,33.337185],[-100.336861,33.314425],[-100.350445,33.303018],[-100.374026,33.298156],[-100.393346,33.292409],[-100.410645,33.290528],[-100.415409,33.284366],[-100.418375,33.275012],[-100.429801,33.25598],[-100.441216,33.236953],[-100.441144,33.221714],[-100.433251,33.207418],[-100.436731,33.192363],[-100.435395,33.175551],[-100.43955,33.161103],[-100.45404,33.150791],[-100.474699,33.14694],[-100.494792,33.140948],[-100.514888,33.134951],[-100.534037,33.131322],[-100.553192,33.127684],[-100.570749,33.128984],[-100.587431,33.126871],[-100.601284,33.129525],[-100.613175,33.140375],[-100.62106,33.151476],[-100.630459,33.162369],[-100.632501,33.176919],[-100.630416,33.190346],[-100.631047,33.201259],[-100.634706,33.21239],[-100.650529,33.21879],[-100.6695,33.222988],[-100.686153,33.230291],[-100.700275,33.231124],[-100.714194,33.222377],[-100.727437,33.216838],[-100.747602,33.20282],[-100.756986,33.209828],[-100.768765,33.20885],[-100.785407,33.20111],[-100.801341,33.202574],[-100.817688,33.219011],[-100.834042,33.235439],[-100.843093,33.248121],[-100.852154,33.260807],[-100.859878,33.264614],[-100.870853,33.264075],[-100.877136,33.286755],[-100.890908,33.289639],[-100.905635,33.280215],[-100.91638,33.261012],[-100.927128,33.241806],[-100.938306,33.236706]]},"properties":{"strokeweig":0.2,"name":"Salt Fork Brazos","featurecla":"River","scalerank":11,"min_zoom":6.7,"min_label":7.7,"ne_id":1159138679,"rivernum":22463,"dissolve":"22463River","name_alt":null,"note":"ID is link back to CEC data","name_full":"Salt Fork Brazos River","label":"Salt Fk. Brazos","wikidataid":"Q7405843","name_ar":null,"name_bn":null,"name_de":null,"name_en":"Salt Fork Brazos","name_es":null,"name_fr":null,"name_el":null,"name_hi":null,"name_hu":null,"name_id":null,"name_it":null,"name_ja":null,"name_ko":null,"name_nl":null,"name_pl":null,"name_pt":null,"name_ru":null,"name_sv":null,"name_tr":null,"name_vi":null,"name_zh":null,"name_fa":null,"name_he":null,"name_uk":null,"name_ur":null,"name_zht":null,"_hydro_kind":"river","_source":"Natural Earth 10m"}},{"type":"Feature","geometry":{"type":"LineString","coordinates":[[-100.938306,33.236706],[-100.955581,33.258389],[-100.959414,33.279533],[-100.975666,33.284281],[-100.991906,33.289027],[-101.008747,33.295693],[-101.023174,33.306725],[-101.032442,33.322349],[-101.032305,33.332802],[-101.033793,33.34144],[-101.044943,33.353972],[-101.056096,33.366491],[-101.05604,33.382876],[-101.049087,33.397037],[-101.059632,33.404211],[-101.074138,33.419329],[-101.081843,33.429133],[-101.081231,33.444871],[-101.08537,33.456091],[-101.087622,33.470519],[-101.076895,33.490849],[-101.070672,33.507849],[-101.082404,33.5203],[-101.094138,33.532744],[-101.098761,33.547508],[-101.105554,33.560723],[-101.11455,33.572457],[-101.122489,33.588977],[-101.122162,33.60514],[-101.119057,33.619497],[-101.126006,33.632613],[-101.138552,33.64114],[-101.150024,33.65296],[-101.160455,33.668112],[-101.173468,33.680603],[-101.183579,33.692655],[-101.188208,33.706933],[-101.194718,33.717885],[-101.198627,33.729558],[-101.19804,33.745273],[-101.204607,33.759502],[-101.217,33.770338],[-101.229397,33.781166],[-101.237268,33.78984],[-101.244647,33.802276],[-101.255756,33.814873],[-101.270642,33.827682],[-101.295069,33.842966],[-101.310211,33.854622],[-101.324684,33.86869],[-101.339163,33.882756],[-101.356499,33.893225],[-101.367536,33.89149],[-101.377482,33.890689],[-101.390703,33.90577],[-101.40393,33.920855],[-101.424103,33.935018],[-101.44438,33.949247],[-101.464627,33.963438],[-101.484808,33.977577]]},"properties":{"strokeweig":0.2,"name":"White","featurecla":"River (Intermittent)","scalerank":11,"min_zoom":6.7,"min_label":7.7,"ne_id":1159138711,"rivernum":22470,"dissolve":"22470River (Intermittent)","name_alt":null,"note":"ID is link back to CEC data","name_full":null,"label":null,"wikidataid":"Q7995275","name_ar":null,"name_bn":null,"name_de":null,"name_en":null,"name_es":null,"name_fr":null,"name_el":null,"name_hi":null,"name_hu":null,"name_id":null,"name_it":null,"name_ja":null,"name_ko":null,"name_nl":null,"name_pl":null,"name_pt":null,"name_ru":null,"name_sv":null,"name_tr":null,"name_vi":null,"name_zh":null,"name_fa":null,"name_he":null,"name_uk":null,"name_ur":null,"name_zht":null,"_hydro_kind":"river","_source":"Natural Earth 10m"}},{"type":"Feature","geometry":{"type":"LineString","coordinates":[[-103.056792,34.500819],[-103.033734,34.499503],[-103.01155,34.494521],[-102.989369,34.489539],[-102.969533,34.489153],[-102.95369,34.486827],[-102.939373,34.476965],[-102.921451,34.47492],[-102.905756,34.480066],[-102.888462,34.491299],[-102.871171,34.502529],[-102.856354,34.508777],[-102.84355,34.508854],[-102.820612,34.502728],[-102.797611,34.496579],[-102.774637,34.490434],[-102.75501,34.483063],[-102.738547,34.475266],[-102.716471,34.473388],[-102.694381,34.471501],[-102.672395,34.465195],[-102.651229,34.46126],[-102.630815,34.459668],[-102.610182,34.46342],[-102.595071,34.461711],[-102.589532,34.446155],[-102.577895,34.42323],[-102.569102,34.414103],[-102.551437,34.410879],[-102.534707,34.40624],[-102.51459,34.404169],[-102.490129,34.40607],[-102.467258,34.397934],[-102.44432,34.389769],[-102.421401,34.381609],[-102.398285,34.368677],[-102.375931,34.360033],[-102.353582,34.351389],[-102.334064,34.347353],[-102.31736,34.34794],[-102.297338,34.343734],[-102.277312,34.339531],[-102.260046,34.339404],[-102.238398,34.340957],[-102.22112,34.340614],[-102.218073,34.32624],[-102.215027,34.311861],[-102.202387,34.298465],[-102.184759,34.284488],[-102.164474,34.274856],[-102.146525,34.270188],[-102.126426,34.266688],[-102.10699,34.267496],[-102.091576,34.27323],[-102.077309,34.280756],[-102.054885,34.28434],[-102.036945,34.278751],[-102.026505,34.273233],[-102.014701,34.268446],[-102.001867,34.266406],[-101.984199,34.27171],[-101.961463,34.268581],[-101.93873,34.265446],[-101.911332,34.259074],[-101.893236,34.246188],[-101.881263,34.234555],[-101.867982,34.225006],[-101.853341,34.217504],[-101.838166,34.204453],[-101.823003,34.191393],[-101.80966,34.190699],[-101.792496,34.193704],[-101.7691,34.184168],[-101.74571,34.174621],[-101.726437,34.169693],[-101.707012,34.170203],[-101.681015,34.166613],[-101.654936,34.163003],[-101.628881,34.159392],[-101.610628,34.152431],[-101.592386,34.145473],[-101.580245,34.135416],[-101.580811,34.12269],[-101.593357,34.11183],[-101.592896,34.103429],[-101.579615,34.091103],[-101.563858,34.079725],[-101.546833,34.074268],[-101.529803,34.068814],[-101.5117,34.064738],[-101.49814,34.051476],[-101.496115,34.03253],[-101.497378,34.011833],[-101.491406,33.98953],[-101.484808,33.977577]]},"properties":{"strokeweig":0.2,"name":"Running Water Draw","featurecla":"River (Intermittent)","scalerank":11,"min_zoom":6.7,"min_label":7.7,"ne_id":1159138865,"rivernum":22505,"dissolve":"22505River (Intermittent)","name_alt":null,"note":"ID is link back to CEC data","name_full":null,"label":null,"wikidataid":null,"name_ar":null,"name_bn":null,"name_de":null,"name_en":null,"name_es":null,"name_fr":null,"name_el":null,"name_hi":null,"name_hu":null,"name_id":null,"name_it":null,"name_ja":null,"name_ko":null,"name_nl":null,"name_pl":null,"name_pt":null,"name_ru":null,"name_sv":null,"name_tr":null,"name_vi":null,"name_zh":null,"name_fa":null,"name_he":null,"name_uk":null,"name_ur":null,"name_zht":null,"_hydro_kind":"river","_source":"Natural Earth 10m"}},{"type":"Feature","geometry":{"type":"LineString","coordinates":[[-99.721269,33.80922],[-99.694414,33.823723],[-99.677301,33.817751],[-99.660184,33.811782],[-99.649384,33.816546],[-99.639203,33.809681],[-99.627095,33.799402],[-99.610245,33.796838],[-99.591804,33.785191],[-99.573265,33.790467],[-99.554729,33.79574],[-99.54593,33.787762],[-99.526367,33.777208],[-99.51757,33.771031],[-99.502115,33.768474],[-99.488269,33.753519],[-99.475991,33.72957],[-99.480363,33.717889],[-99.490863,33.71815]]},"properties":{"strokeweig":0.2,"name":"North Wichita","featurecla":"River","scalerank":11,"min_zoom":6.7,"min_label":7.7,"ne_id":1159108771,"rivernum":22495,"dissolve":"22495River","name_alt":null,"note":"ID is link back to CEC data","name_full":"North Wichita River","label":"N. Wichita","wikidataid":"Q9372502","name_ar":null,"name_bn":null,"name_de":null,"name_en":"Wichita","name_es":null,"name_fr":null,"name_el":null,"name_hi":null,"name_hu":null,"name_id":null,"name_it":null,"name_ja":null,"name_ko":null,"name_nl":"Wichita","name_pl":"Wichita","name_pt":null,"name_ru":null,"name_sv":null,"name_tr":null,"name_vi":null,"name_zh":null,"name_fa":null,"name_he":null,"name_uk":null,"name_ur":null,"name_zht":null,"_hydro_kind":"river","_source":"Natural Earth 10m"}},{"type":"Feature","geometry":{"type":"LineString","coordinates":[[-99.715767,33.640561],[-99.689624,33.63815],[-99.673759,33.642081],[-99.654712,33.642279],[-99.639937,33.650089],[-99.629135,33.660515],[-99.614194,33.671819],[-99.596901,33.68119],[-99.579612,33.690569],[-99.553888,33.700477],[-99.544488,33.702702],[-99.525446,33.701482],[-99.502188,33.716395],[-99.490863,33.71815],[-99.49089,33.714284],[-99.48377,33.704728],[-99.461052,33.697111],[-99.448692,33.687044],[-99.428147,33.687417],[-99.406597,33.691642],[-99.388903,33.696549],[-99.380253,33.707849],[-99.368886,33.713709],[-99.357792,33.721154],[-99.35192,33.730874],[-99.335065,33.734155],[-99.317378,33.73491],[-99.300437,33.73416],[-99.284167,33.731898],[-99.268118,33.735093],[-99.25222,33.743758],[-99.229526,33.750293],[-99.209802,33.753871],[-99.190069,33.757446],[-99.172193,33.758119],[-99.15286,33.756178],[-99.134052,33.759927],[-99.11249,33.761126],[-99.091999,33.765736],[-99.072634,33.768325],[-99.048149,33.759704],[-99.026897,33.75863],[-99.014666,33.76559],[-99.001914,33.774682],[-98.980466,33.778652],[-98.960602,33.789264],[-98.946122,33.806805],[-98.933318,33.817371],[-98.921968,33.81908],[-98.914437,33.82379],[-98.90325,33.832557],[-98.898967,33.842298],[-98.897188,33.850918],[-98.885762,33.857169],[-98.873823,33.860926],[-98.858292,33.863491],[-98.841341,33.868986],[-98.83267,33.875939],[-98.82289,33.882436],[-98.815886,33.888512],[-98.813832,33.896228],[-98.801408,33.894054],[-98.790602,33.894862],[-98.778234,33.899736],[-98.760793,33.898633],[-98.744229,33.905508],[-98.733121,33.907655],[-98.719963,33.900014],[-98.70666,33.90238],[-98.692519,33.903357],[-98.670692,33.901287],[-98.650304,33.896719],[-98.629913,33.892153],[-98.617303,33.901552],[-98.60756,33.904825],[-98.594061,33.901698],[-98.587553,33.909584],[-98.572841,33.911683],[-98.553762,33.910784],[-98.539055,33.913322],[-98.522914,33.917641],[-98.505926,33.919639],[-98.488929,33.921641],[-98.475725,33.93127],[-98.4654,33.929188],[-98.454134,33.925159],[-98.440369,33.934978],[-98.418594,33.944006],[-98.409499,33.955706],[-98.4138,33.97599],[-98.400559,33.993662],[-98.378363,34.007686],[-98.369356,34.021772],[-98.360273,34.032312],[-98.340851,34.03362],[-98.324296,34.029294],[-98.309459,34.036577],[-98.296273,34.05549],[-98.26779,34.064835],[-98.253444,34.073475],[-98.236885,34.070499],[-98.221381,34.069592],[-98.208452,34.077356],[-98.205358,34.091437],[-98.202263,34.105507],[-98.193777,34.121419],[-98.191516,34.130968]]},"properties":{"strokeweig":0.2,"name":"Wichita","featurecla":"River","scalerank":11,"min_zoom":6.7,"min_label":7.7,"ne_id":1159138811,"rivernum":22493,"dissolve":"22493River","name_alt":null,"note":"ID is link back to CEC data","name_full":"Wichita River","label":"Wichita","wikidataid":"Q9372502","name_ar":null,"name_bn":null,"name_de":null,"name_en":"Wichita","name_es":null,"name_fr":null,"name_el":null,"name_hi":null,"name_hu":null,"name_id":null,"name_it":null,"name_ja":null,"name_ko":null,"name_nl":"Wichita","name_pl":"Wichita","name_pt":null,"name_ru":null,"name_sv":null,"name_tr":null,"name_vi":null,"name_zh":null,"name_fa":null,"name_he":null,"name_uk":null,"name_ur":null,"name_zht":null,"_hydro_kind":"river","_source":"Natural Earth 10m"}},{"type":"Feature","geometry":{"type":"LineString","coordinates":[[-102.573846,36.061977],[-102.589492,36.061661],[-102.610688,36.073868],[-102.635255,36.0765],[-102.658866,36.083246],[-102.677881,36.082024],[-102.692375,36.072835],[-102.709756,36.065758],[-102.732435,36.064346],[-102.755191,36.062917],[-102.777919,36.061491],[-102.798527,36.064756],[-102.815786,36.069107],[-102.823869,36.079922],[-102.828229,36.090028],[-102.835672,36.098473],[-102.837014,36.111389],[-102.842722,36.12724],[-102.856592,36.147107],[-102.874466,36.164133],[-102.896411,36.178381],[-102.918075,36.189762],[-102.939531,36.198315],[-102.957383,36.202751],[-102.975238,36.207189],[-102.991427,36.213123],[-103.016193,36.218403],[-103.034293,36.224627],[-103.046233,36.230168],[-103.062426,36.242934],[-103.078633,36.255702],[-103.097497,36.254703],[-103.118298,36.249984],[-103.139102,36.245255],[-103.158318,36.243204],[-103.182608,36.245936],[-103.200018,36.261097],[-103.209908,36.279263],[-103.224137,36.287975],[-103.236711,36.298906],[-103.247788,36.316893],[-103.263443,36.330187],[-103.283351,36.332461],[-103.302936,36.328359]]},"properties":{"strokeweig":0.2,"name":"Carrizo","featurecla":"River","scalerank":11,"min_zoom":6.7,"min_label":7.7,"ne_id":1159139225,"rivernum":22589,"dissolve":"22589River","name_alt":null,"note":"ID is link back to CEC data","name_full":"Carrizo Creek","label":null,"wikidataid":null,"name_ar":null,"name_bn":null,"name_de":null,"name_en":null,"name_es":null,"name_fr":null,"name_el":null,"name_hi":null,"name_hu":null,"name_id":null,"name_it":null,"name_ja":null,"name_ko":null,"name_nl":null,"name_pl":null,"name_pt":null,"name_ru":null,"name_sv":null,"name_tr":null,"name_vi":null,"name_zh":null,"name_fa":null,"name_he":null,"name_uk":null,"name_ur":null,"name_zht":null,"_hydro_kind":"river","_source":"Natural Earth 10m"}},{"type":"Feature","geometry":{"type":"LineString","coordinates":[[-102.666595,36.223177],[-102.649875,36.209608],[-102.638214,36.193983],[-102.633855,36.183414],[-102.640429,36.168076],[-102.638047,36.152486],[-102.621357,36.139683],[-102.613398,36.127599],[-102.600405,36.114491],[-102.589322,36.098403],[-102.585135,36.084214],[-102.579277,36.07096],[-102.573846,36.061977],[-102.561116,36.047499],[-102.541754,36.047473],[-102.514277,36.043381],[-102.498183,36.030147],[-102.493875,36.015308],[-102.48957,36.000474],[-102.493678,35.987442],[-102.501264,35.971739],[-102.504361,35.953284],[-102.510981,35.934215],[-102.512045,35.914683],[-102.504,35.895304],[-102.510387,35.880107],[-102.516773,35.864916],[-102.507789,35.842386],[-102.502625,35.823218],[-102.501257,35.807332],[-102.493659,35.796155],[-102.484255,35.786383],[-102.479279,35.773311],[-102.479559,35.753342],[-102.479834,35.733374],[-102.477307,35.716605],[-102.478252,35.697981],[-102.479209,35.679478]]},"properties":{"strokeweig":0.2,"name":"Rita Blanca","featurecla":"River","scalerank":11,"min_zoom":6.7,"min_label":7.7,"ne_id":1159139127,"rivernum":22567,"dissolve":"22567River","name_alt":null,"note":"ID is link back to CEC data","name_full":"Rita Blanca Creek","label":null,"wikidataid":null,"name_ar":null,"name_bn":null,"name_de":null,"name_en":null,"name_es":null,"name_fr":null,"name_el":null,"name_hi":null,"name_hu":null,"name_id":null,"name_it":null,"name_ja":null,"name_ko":null,"name_nl":null,"name_pl":null,"name_pt":null,"name_ru":null,"name_sv":null,"name_tr":null,"name_vi":null,"name_zh":null,"name_fa":null,"name_he":null,"name_uk":null,"name_ur":null,"name_zht":null,"_hydro_kind":"river","_source":"Natural Earth 10m"}},{"type":"Feature","geometry":{"type":"LineString","coordinates":[[-102.428718,35.551085],[-102.430379,35.56827],[-102.432035,35.585455],[-102.431671,35.600462],[-102.438866,35.613459],[-102.453664,35.624507],[-102.464643,35.63618],[-102.47184,35.64852],[-102.476687,35.662937],[-102.479209,35.679478],[-102.488634,35.690847],[-102.505009,35.697078],[-102.528534,35.702135],[-102.554407,35.71339],[-102.569236,35.733048],[-102.584074,35.752698],[-102.601518,35.757092],[-102.616292,35.758121],[-102.63567,35.757466],[-102.659017,35.751502],[-102.677226,35.749282],[-102.690992,35.753612],[-102.705429,35.760772],[-102.728731,35.764659],[-102.752059,35.768552],[-102.775309,35.772422],[-102.795273,35.771629],[-102.811548,35.774197],[-102.830769,35.768863],[-102.850323,35.761247],[-102.867266,35.759241],[-102.884292,35.767671],[-102.901472,35.786556],[-102.907883,35.805795],[-102.910217,35.822419],[-102.919262,35.836052],[-102.927054,35.854358],[-102.943705,35.873476],[-102.954153,35.893859],[-102.956574,35.912173],[-102.972777,35.919828],[-102.988983,35.92748]]},"properties":{"strokeweig":0.2,"name":"Punta de Agua","featurecla":"River","scalerank":12,"min_zoom":7,"min_label":8,"ne_id":1159139123,"rivernum":22566,"dissolve":"22566River","name_alt":null,"note":"ID is link back to CEC data","name_full":"Punta De Agua Creek","label":null,"wikidataid":"Q7260563","name_ar":null,"name_bn":null,"name_de":null,"name_en":null,"name_es":null,"name_fr":null,"name_el":null,"name_hi":null,"name_hu":null,"name_id":null,"name_it":null,"name_ja":null,"name_ko":null,"name_nl":null,"name_pl":null,"name_pt":null,"name_ru":null,"name_sv":null,"name_tr":null,"name_vi":null,"name_zh":null,"name_fa":null,"name_he":null,"name_uk":null,"name_ur":null,"name_zht":null,"_hydro_kind":"river","_source":"Natural Earth 10m"}},{"type":"Feature","geometry":{"type":"LineString","coordinates":[[-99.209458,34.339664],[-99.200622,34.344411],[-99.190966,34.353235],[-99.206301,34.374071],[-99.221691,34.394979],[-99.23708,34.41586],[-99.230704,34.429044],[-99.227396,34.438589],[-99.226609,34.452892],[-99.219969,34.471304],[-99.219451,34.487906],[-99.206965,34.511097],[-99.200605,34.5286],[-99.195338,34.539295],[-99.184759,34.545204],[-99.178599,34.555273],[-99.178123,34.571883],[-99.168639,34.583953],[-99.150514,34.591811],[-99.128752,34.59137],[-99.112153,34.589331],[-99.095665,34.589795],[-99.084929,34.592541],[-99.085237,34.619566],[-99.09824,34.639764],[-99.098547,34.655674],[-99.092291,34.67111],[-99.078885,34.676114],[-99.056246,34.676822],[-99.041156,34.686585],[-99.04843,34.698838],[-99.065332,34.702373],[-99.085749,34.69805],[-99.105447,34.698817],[-99.123337,34.702092],[-99.14012,34.702771],[-99.153262,34.708093],[-99.156231,34.721583],[-99.159195,34.735068],[-99.160907,34.752113],[-99.159813,34.766429],[-99.164319,34.779593],[-99.15791,34.794066],[-99.151499,34.808539],[-99.151822,34.826867],[-99.15214,34.845207],[-99.1614,34.85179],[-99.173726,34.854283],[-99.184102,34.858118],[-99.197376,34.849936],[-99.207148,34.835838],[-99.229081,34.821938],[-99.238032,34.817614],[-99.251506,34.828262],[-99.268896,34.839563],[-99.293303,34.851749],[-99.308747,34.862827],[-99.315261,34.880093],[-99.308009,34.887393],[-99.297442,34.894575],[-99.302276,34.911034],[-99.317126,34.925773],[-99.331982,34.940504],[-99.337608,34.956168],[-99.334851,34.974256],[-99.327347,34.992439],[-99.324692,35.008604],[-99.331284,35.021496],[-99.333028,35.035095],[-99.34036,35.043252],[-99.360894,35.049767],[-99.370501,35.061317],[-99.369446,35.076771],[-99.377105,35.090152],[-99.390884,35.093738],[-99.40246,35.105043],[-99.420209,35.112905],[-99.438496,35.116794],[-99.448134,35.13109],[-99.461713,35.145915],[-99.476338,35.146764],[-99.489014,35.150573],[-99.500349,35.162777],[-99.520036,35.164053],[-99.543352,35.161439],[-99.558004,35.164316],[-99.56078,35.177473],[-99.553291,35.193406],[-99.551289,35.208149],[-99.554773,35.221759],[-99.561064,35.2349],[-99.562567,35.248399],[-99.564065,35.261904],[-99.577774,35.269434],[-99.593864,35.272294],[-99.611298,35.279185],[-99.628741,35.286073],[-99.645031,35.280888],[-99.6658,35.270112],[-99.689987,35.267813],[-99.712525,35.26984],[-99.735071,35.271856],[-99.751508,35.279483],[-99.767136,35.293899],[-99.782771,35.308312],[-99.801157,35.315466],[-99.817179,35.311711],[-99.841681,35.31039],[-99.864236,35.312051],[-99.875298,35.300627],[-99.886358,35.289201],[-99.905117,35.278156],[-99.926913,35.275938],[-99.947889,35.288392],[-99.968872,35.30083],[-99.990269,35.304379],[-100.010229,35.305232],[-100.028843,35.303394],[-100.045732,35.305648],[-100.060972,35.312004],[-100.093234,35.313008],[-100.125491,35.314001],[-100.141815,35.306045],[-100.158129,35.298087],[-100.178688,35.294427],[-100.198398,35.288929],[-100.218349,35.272325],[-100.230703,35.258701],[-100.246494,35.263663],[-100.272719,35.276989],[-100.292199,35.292031],[-100.302413,35.309946],[-100.311762,35.322278],[-100.319151,35.33588],[-100.326543,35.349476],[-100.338952,35.364811],[-100.351359,35.38015],[-100.371027,35.394495],[-100.393755,35.402365],[-100.412122,35.405471],[-100.433418,35.406776],[-100.45964,35.40282],[-100.487834,35.402016],[-100.510964,35.4033],[-100.52902,35.40005],[-100.5459,35.394521],[-100.560488,35.38331],[-100.571931,35.367489],[-100.581402,35.350405],[-100.598375,35.341083],[-100.61535,35.331757],[-100.637481,35.316425],[-100.661366,35.307841],[-100.685245,35.299252],[-100.706594,35.293816],[-100.722939,35.29372],[-100.74107,35.290643],[-100.76437,35.281406],[-100.785351,35.269697],[-100.804092,35.255476],[-100.822977,35.245942],[-100.842069,35.241055],[-100.854667,35.234733],[-100.864713,35.226607],[-100.878707,35.218101],[-100.893721,35.216176]]},"properties":{"strokeweig":0.2,"name":"North Fork Red","featurecla":"River","scalerank":11,"min_zoom":6.7,"min_label":7.7,"ne_id":1746338007,"rivernum":null,"dissolve":null,"name_alt":null,"note":null,"name_full":null,"label":null,"wikidataid":"Q7055420","name_ar":null,"name_bn":null,"name_de":null,"name_en":null,"name_es":null,"name_fr":null,"name_el":null,"name_hi":null,"name_hu":null,"name_id":null,"name_it":null,"name_ja":null,"name_ko":null,"name_nl":null,"name_pl":null,"name_pt":null,"name_ru":null,"name_sv":null,"name_tr":null,"name_vi":null,"name_zh":null,"name_fa":null,"name_he":null,"name_uk":null,"name_ur":null,"name_zht":null,"_hydro_kind":"river","_source":"Natural Earth 10m"}},{"type":"Feature","geometry":{"type":"LineString","coordinates":[[-97.528129,34.842444],[-97.539571,34.845078],[-97.558647,34.843493],[-97.577115,34.844176],[-97.590473,34.833901],[-97.608968,34.825135],[-97.633897,34.826117],[-97.654224,34.83145],[-97.670031,34.841182],[-97.683937,34.854066],[-97.68416,34.873597],[-97.688104,34.888641],[-97.697927,34.903945],[-97.717397,34.913222],[-97.739582,34.928018],[-97.758636,34.928676],[-97.773456,34.931555],[-97.773794,34.944933],[-97.778654,34.956803],[-97.790776,34.970561],[-97.802911,34.984312],[-97.816866,34.989442],[-97.826179,34.986585],[-97.84118,34.977653],[-97.853115,34.985711],[-97.846237,34.995863],[-97.84356,35.005383],[-97.856007,35.017079],[-97.874965,35.01714],[-97.893908,35.017198],[-97.9016,35.02887],[-97.897999,35.045398],[-97.903371,35.062688],[-97.917434,35.080749],[-97.931024,35.093589],[-97.962232,35.09115],[-97.97549,35.087634],[-97.986464,35.08683],[-98.005481,35.09267],[-98.012993,35.09816],[-98.0156,35.114076],[-98.029231,35.125769],[-98.043325,35.122938],[-98.053839,35.113951],[-98.069405,35.105216],[-98.084968,35.096473],[-98.098982,35.098868],[-98.115508,35.103067],[-98.134982,35.094922],[-98.15446,35.086785],[-98.184892,35.091533],[-98.215321,35.096278],[-98.236186,35.090051],[-98.255045,35.086778],[-98.265509,35.079606],[-98.273359,35.065472],[-98.286661,35.054425],[-98.302009,35.049185],[-98.312056,35.05673],[-98.317826,35.070381],[-98.326711,35.083159],[-98.33277,35.097495],[-98.341411,35.105947],[-98.351998,35.099312],[-98.35915,35.085037],[-98.368596,35.07953],[-98.383771,35.079382],[-98.400475,35.080724],[-98.415331,35.08693],[-98.425533,35.09298],[-98.437295,35.095767],[-98.459719,35.103689],[-98.482147,35.111612],[-98.505883,35.112405],[-98.525305,35.109303],[-98.546235,35.108704],[-98.562762,35.116714],[-98.571369,35.13649],[-98.582293,35.145153],[-98.589107,35.131441],[-98.595912,35.117721],[-98.610051,35.105504],[-98.623246,35.108044],[-98.640325,35.120816],[-98.662521,35.121792],[-98.67576,35.113444],[-98.688143,35.109854],[-98.705852,35.109],[-98.722434,35.109704],[-98.733957,35.107678],[-98.741808,35.109532],[-98.756668,35.121594],[-98.768999,35.134775],[-98.766985,35.151575],[-98.753753,35.15973],[-98.741055,35.1715],[-98.744927,35.191469],[-98.765999,35.199234],[-98.784282,35.196989],[-98.795803,35.203135],[-98.796881,35.222539],[-98.79796,35.241937],[-98.809736,35.266491],[-98.820966,35.274229],[-98.837029,35.26903],[-98.84406,35.276747],[-98.842333,35.290368],[-98.852176,35.299692],[-98.867948,35.307903],[-98.867913,35.321963],[-98.862809,35.337148],[-98.856866,35.348255],[-98.847274,35.357774],[-98.868656,35.378238],[-98.871717,35.398207],[-98.870014,35.412515],[-98.879876,35.425015],[-98.897357,35.435682],[-98.902409,35.447011],[-98.905216,35.46427],[-98.918197,35.477238],[-98.933723,35.482684],[-98.940497,35.489491],[-98.942181,35.501309],[-98.945839,35.51515],[-98.953726,35.527168],[-98.970126,35.535357],[-98.983686,35.535804],[-98.997539,35.531948],[-99.012238,35.526502],[-99.019571,35.511756],[-99.03312,35.496082],[-99.057693,35.495153],[-99.080866,35.498329],[-99.100077,35.49877],[-99.099798,35.507853],[-99.097829,35.519866],[-99.112529,35.5246],[-99.125251,35.526651],[-99.129232,35.541858],[-99.139417,35.553408],[-99.15764,35.548502],[-99.175861,35.543592],[-99.191019,35.5531],[-99.207237,35.565748],[-99.224642,35.574295],[-99.23387,35.58747],[-99.243101,35.600645],[-99.253808,35.61266],[-99.260636,35.623991],[-99.274673,35.631669],[-99.288713,35.639345],[-99.302203,35.653606],[-99.313888,35.669471],[-99.326763,35.669891],[-99.345427,35.666885],[-99.364107,35.667055],[-99.381324,35.659756],[-99.396907,35.659707],[-99.407098,35.658313],[-99.43532,35.645034],[-99.44626,35.62753],[-99.462578,35.614538],[-99.485438,35.607409],[-99.50406,35.597794],[-99.518484,35.597718],[-99.53392,35.602079],[-99.553463,35.604497],[-99.568072,35.610901],[-99.586263,35.623059],[-99.600808,35.638638],[-99.594989,35.652751],[-99.58829,35.664371],[-99.60224,35.675867],[-99.623501,35.680505],[-99.638551,35.669764],[-99.653402,35.6497],[-99.664131,35.631047],[-99.677936,35.624383],[-99.700295,35.625722],[-99.722662,35.627062],[-99.738851,35.647948],[-99.75449,35.653542],[-99.770288,35.6699],[-99.786139,35.686305],[-99.801989,35.702691],[-99.801292,35.717892],[-99.81114,35.724968],[-99.834784,35.737051],[-99.854414,35.744618],[-99.874056,35.752186],[-99.895906,35.754992],[-99.917167,35.755969],[-99.938994,35.755091],[-99.951431,35.75204],[-99.970918,35.752156],[-99.990397,35.752262],[-100.01485,35.744524],[-100.03864,35.739735],[-100.056202,35.740858],[-100.070937,35.736318]]},"properties":{"strokeweig":0.2,"name":"Washita","featurecla":"River","scalerank":10,"min_zoom":6,"min_label":7,"ne_id":1159138925,"rivernum":22519,"dissolve":"22519River","name_alt":null,"note":"ID is link back to CEC data","name_full":"Washita River","label":"Washita","wikidataid":"Q2993598","name_ar":null,"name_bn":null,"name_de":"Washita","name_en":"Washita","name_es":null,"name_fr":"Washita","name_el":null,"name_hi":null,"name_hu":null,"name_id":null,"name_it":null,"name_ja":null,"name_ko":null,"name_nl":null,"name_pl":"Washita","name_pt":null,"name_ru":"Уошито","name_sv":null,"name_tr":null,"name_vi":null,"name_zh":"沃希托河","name_fa":null,"name_he":"נהר ואשיטה","name_uk":null,"name_ur":null,"name_zht":"沃希托河","_hydro_kind":"river","_source":"Natural Earth 10m"}},{"type":"Feature","geometry":{"type":"LineString","coordinates":[[-102.870456,36.603405],[-102.848283,36.601208],[-102.826103,36.598995],[-102.803992,36.596796],[-102.785447,36.598994],[-102.760941,36.604875],[-102.737478,36.614441],[-102.721006,36.62402],[-102.703555,36.630446],[-102.685058,36.633745],[-102.668289,36.634047],[-102.655935,36.628066],[-102.636808,36.624113],[-102.610123,36.632528],[-102.585308,36.648019],[-102.560378,36.657702],[-102.536807,36.663174],[-102.518159,36.663278],[-102.50291,36.656435],[-102.490116,36.646377],[-102.476314,36.639538],[-102.459218,36.642298],[-102.444143,36.639073],[-102.429142,36.631114],[-102.397195,36.63476],[-102.377992,36.628508],[-102.363259,36.620299],[-102.341125,36.6144],[-102.318996,36.608497],[-102.305034,36.597739],[-102.288332,36.592863],[-102.264692,36.58964],[-102.245354,36.57997],[-102.239378,36.554481],[-102.232349,36.537657],[-102.226176,36.527406],[-102.210881,36.527819],[-102.192474,36.533295],[-102.175698,36.532823],[-102.159865,36.522861],[-102.144669,36.509571],[-102.129479,36.496279],[-102.106235,36.480887],[-102.082994,36.465483],[-102.061955,36.460623],[-102.043487,36.459462],[-102.027886,36.453822],[-102.011872,36.443423],[-101.992328,36.440127],[-101.971446,36.44535],[-101.951956,36.455418],[-101.938324,36.464365],[-101.93225,36.478643],[-101.92618,36.492908],[-101.91813,36.503018],[-101.910015,36.511295],[-101.897945,36.528285],[-101.881978,36.545226],[-101.859246,36.557805],[-101.838772,36.561925],[-101.81949,36.567373],[-101.799699,36.574868],[-101.782601,36.585024],[-101.773676,36.599353],[-101.764747,36.613681],[-101.753115,36.625067],[-101.744693,36.63805],[-101.733297,36.65192],[-101.721889,36.665784],[-101.70823,36.676751],[-101.684254,36.692021],[-101.663341,36.695432],[-101.642426,36.698838],[-101.62243,36.709951],[-101.60715,36.716423],[-101.586948,36.714125],[-101.571538,36.708096],[-101.555656,36.705262],[-101.53705,36.7153],[-101.518438,36.725329],[-101.497042,36.729408],[-101.473859,36.731705],[-101.452362,36.741661],[-101.436442,36.746744],[-101.412979,36.740855],[-101.387497,36.738663],[-101.368829,36.739052],[-101.337614,36.736928],[-101.313882,36.733302],[-101.290144,36.729665],[-101.268862,36.723723],[-101.24885,36.714119],[-101.228843,36.70451],[-101.212555,36.698685],[-101.196269,36.692852]]},"properties":{"strokeweig":0.2,"name":"Beaver","featurecla":"River","scalerank":11,"min_zoom":6.7,"min_label":7.7,"ne_id":1159139361,"rivernum":22619,"dissolve":"22619River","name_alt":null,"note":"ID is link back to CEC data","name_full":"Beaver River","label":"Beaver","wikidataid":"Q4878160","name_ar":null,"name_bn":null,"name_de":null,"name_en":"Beaver","name_es":null,"name_fr":null,"name_el":null,"name_hi":null,"name_hu":null,"name_id":null,"name_it":null,"name_ja":null,"name_ko":null,"name_nl":null,"name_pl":null,"name_pt":"Beaver","name_ru":null,"name_sv":null,"name_tr":null,"name_vi":null,"name_zh":"比弗河","name_fa":null,"name_he":null,"name_uk":null,"name_ur":null,"name_zht":"比弗河","_hydro_kind":"river","_source":"Natural Earth 10m"}},{"type":"Feature","geometry":{"type":"LineString","coordinates":[[-93.854075,29.986596],[-93.872133,29.986146],[-93.89019,29.985694],[-93.917843,29.991114],[-93.945499,29.996521],[-93.962923,30.007335],[-93.974372,30.009582],[-93.990862,30.018978],[-94.004026,30.017649],[-94.01974,30.023101],[-94.029998,30.028919],[-94.031705,30.045523],[-94.039921,30.063641],[-94.057765,30.072873],[-94.075605,30.082102],[-94.087824,30.092151],[-94.083287,30.107484],[-94.076643,30.122497],[-94.087081,30.131777],[-94.104592,30.142101],[-94.114898,30.157093],[-94.112301,30.176773],[-94.103047,30.198548],[-94.108657,30.214542],[-94.117936,30.229264],[-94.11133,30.247473],[-94.108908,30.259246],[-94.114143,30.271228],[-94.116567,30.292689],[-94.105581,30.316619],[-94.094589,30.340541],[-94.092474,30.355093],[-94.100784,30.368478],[-94.105113,30.382231],[-94.113638,30.399991],[-94.11806,30.423381],[-94.111784,30.44251],[-94.103121,30.455804],[-94.101431,30.46647],[-94.098254,30.475573],[-94.086614,30.485737],[-94.081391,30.497474],[-94.075543,30.515928],[-94.071484,30.535414],[-94.088099,30.557254],[-94.092988,30.574268],[-94.088611,30.5924],[-94.074979,30.611672],[-94.061342,30.630942],[-94.056219,30.646593],[-94.06462,30.659166],[-94.077409,30.666273],[-94.088058,30.67738],[-94.09871,30.688491],[-94.114699,30.688201],[-94.123466,30.692101],[-94.129352,30.706601],[-94.132057,30.717274],[-94.134341,30.736179],[-94.136625,30.755102],[-94.138904,30.773965],[-94.145416,30.783484],[-94.156271,30.791496],[-94.172119,30.800311],[-94.177573,30.806749]]},"properties":{"strokeweig":0.25,"name":"Neches","featurecla":"River","scalerank":11,"min_zoom":6.7,"min_label":7.7,"ne_id":1159138281,"rivernum":22377,"dissolve":"22377River","name_alt":null,"note":"ID is link back to CEC data","name_full":"Neches River","label":"Neches","wikidataid":"Q964437","name_ar":null,"name_bn":null,"name_de":"Neches","name_en":"Neches","name_es":"Neches","name_fr":"Neches","name_el":null,"name_hi":null,"name_hu":null,"name_id":null,"name_it":"Neches","name_ja":"ナチェス川","name_ko":null,"name_nl":"Neches","name_pl":"Neches","name_pt":"Neches","name_ru":"Нечес","name_sv":null,"name_tr":null,"name_vi":null,"name_zh":"内奇斯河","name_fa":null,"name_he":null,"name_uk":null,"name_ur":null,"name_zht":"内奇斯河","_hydro_kind":"river","_source":"Natural Earth 10m"}},{"type":"Feature","geometry":{"type":"LineString","coordinates":[[-95.738704,31.502458],[-95.737712,31.490788],[-95.726697,31.480529],[-95.730056,31.472885],[-95.741975,31.466029],[-95.734731,31.460487],[-95.718111,31.459852],[-95.711526,31.447388],[-95.709873,31.427886],[-95.703732,31.412245],[-95.697222,31.388271],[-95.685659,31.373645],[-95.673124,31.367202],[-95.671047,31.355919],[-95.666499,31.345912],[-95.656474,31.332728],[-95.661752,31.314226],[-95.677594,31.303548],[-95.696399,31.293064],[-95.716117,31.27472],[-95.725295,31.258168],[-95.725936,31.235805],[-95.735827,31.218302],[-95.745714,31.200803],[-95.744383,31.185406],[-95.736553,31.171524],[-95.73633,31.160336],[-95.750251,31.15034],[-95.770305,31.139906],[-95.776827,31.127574],[-95.774132,31.112739],[-95.766822,31.098959],[-95.753277,31.092174],[-95.73446,31.08653],[-95.715652,31.080887],[-95.699573,31.081641],[-95.682268,31.080283],[-95.669149,31.080455],[-95.657318,31.076796],[-95.64839,31.063881],[-95.639312,31.053923],[-95.636233,31.046472],[-95.651668,31.037711],[-95.665267,31.02819],[-95.663443,31.017152],[-95.663173,31.004584],[-95.672753,30.990318],[-95.67106,30.974484],[-95.658092,30.957035],[-95.645512,30.93322],[-95.628022,30.930938],[-95.610527,30.928653],[-95.596078,30.914561],[-95.576266,30.901185],[-95.560643,30.90411],[-95.551454,30.915888],[-95.538378,30.923478],[-95.512879,30.928602],[-95.502577,30.93163],[-95.481855,30.933793],[-95.461112,30.935952],[-95.440436,30.9381],[-95.423736,30.935808],[-95.415268,30.927574],[-95.415013,30.913372],[-95.408308,30.899842],[-95.392301,30.890246],[-95.388321,30.880484],[-95.395002,30.866125],[-95.384231,30.853143],[-95.372236,30.847894]]},"properties":{"strokeweig":0.25,"name":"Trinity","featurecla":"River","scalerank":10,"min_zoom":6,"min_label":7,"ne_id":1159108627,"rivernum":22409,"dissolve":"22409River","name_alt":null,"note":"ID is link back to CEC data","name_full":"Trinity River","label":"Trinity","wikidataid":"Q1969490","name_ar":null,"name_bn":null,"name_de":"Trinity","name_en":"Trinity","name_es":"Trinidad","name_fr":"Trinity","name_el":null,"name_hi":null,"name_hu":null,"name_id":null,"name_it":"Trinity","name_ja":"トリニティ川","name_ko":null,"name_nl":"Trinity","name_pl":"Trinity","name_pt":"Trinity","name_ru":"Тринити","name_sv":null,"name_tr":null,"name_vi":null,"name_zh":"三一河","name_fa":"رودخانه ترینتی","name_he":null,"name_uk":null,"name_ur":null,"name_zht":"三一河","_hydro_kind":"river","_source":"Natural Earth 10m"}},{"type":"Feature","geometry":{"type":"LineString","coordinates":[[-96.655108,30.853726],[-96.677981,30.850665],[-96.700846,30.847598],[-96.709903,30.841002],[-96.730449,30.833361],[-96.740896,30.825429],[-96.759857,30.830911],[-96.778819,30.836389],[-96.788522,30.846963],[-96.794599,30.86178],[-96.803937,30.861587],[-96.819959,30.853569],[-96.842012,30.848706],[-96.860309,30.850847],[-96.871446,30.862718],[-96.879152,30.877352],[-96.888008,30.886171],[-96.903497,30.885217],[-96.921978,30.890055],[-96.936912,30.889781],[-96.93632,30.876991],[-96.93171,30.865112],[-96.937538,30.851766],[-96.944363,30.839957],[-96.959303,30.832254],[-96.974234,30.824549],[-96.990934,30.808663],[-97.004585,30.792778],[-97.014239,30.772574],[-97.028493,30.768373],[-97.048023,30.776443],[-97.064284,30.776416],[-97.089406,30.791945],[-97.105379,30.792364],[-97.122591,30.794427],[-97.134028,30.802282],[-97.140872,30.804506],[-97.157157,30.803313],[-97.167146,30.81476],[-97.180363,30.82516],[-97.202057,30.837366],[-97.215076,30.853701],[-97.231808,30.855509],[-97.250747,30.862489],[-97.269695,30.869471],[-97.285843,30.872621],[-97.298431,30.878629],[-97.309059,30.887563],[-97.316514,30.896446],[-97.319816,30.909096],[-97.321685,30.925365],[-97.323556,30.941639],[-97.329324,30.952516],[-97.344609,30.958354],[-97.362783,30.95673],[-97.377021,30.954118],[-97.38701,30.966557],[-97.397003,30.979006],[-97.404313,30.984904]]},"properties":{"strokeweig":0.25,"name":"Little","featurecla":"River","scalerank":10,"min_zoom":6,"min_label":7,"ne_id":1159138433,"rivernum":22405,"dissolve":"22405River","name_alt":null,"note":"ID is link back to CEC data","name_full":"Little River","label":"Little","wikidataid":"Q6651678","name_ar":null,"name_bn":null,"name_de":null,"name_en":"Little","name_es":null,"name_fr":null,"name_el":null,"name_hi":null,"name_hu":null,"name_id":null,"name_it":null,"name_ja":null,"name_ko":null,"name_nl":null,"name_pl":null,"name_pt":null,"name_ru":null,"name_sv":null,"name_tr":null,"name_vi":null,"name_zh":null,"name_fa":null,"name_he":null,"name_uk":null,"name_ur":null,"name_zht":null,"_hydro_kind":"river","_source":"Natural Earth 10m"}},{"type":"Feature","geometry":{"type":"LineString","coordinates":[[-96.394229,29.492026],[-96.404001,29.502682],[-96.406438,29.515935],[-96.407256,29.527406],[-96.409389,29.538811],[-96.407122,29.554572],[-96.411541,29.56766],[-96.422649,29.578118],[-96.441314,29.589269],[-96.455729,29.601896],[-96.451714,29.610021],[-96.435989,29.609512],[-96.424346,29.611657],[-96.440788,29.631899],[-96.450345,29.648037],[-96.467093,29.66309],[-96.483852,29.678134],[-96.492546,29.690106],[-96.499982,29.697547],[-96.508286,29.693452],[-96.518748,29.682309],[-96.5261,29.682336],[-96.534791,29.694546],[-96.541739,29.710802],[-96.528946,29.733998],[-96.539262,29.738686],[-96.548774,29.731189],[-96.561841,29.72334],[-96.581658,29.721218],[-96.599641,29.721326],[-96.61585,29.723671],[-96.631489,29.723353],[-96.646602,29.720373],[-96.658244,29.7213],[-96.668206,29.731571],[-96.679947,29.747313],[-96.681658,29.760292],[-96.680477,29.770105],[-96.690468,29.776604],[-96.709076,29.77831],[-96.725727,29.782951],[-96.730828,29.793641],[-96.736259,29.802503],[-96.752911,29.806897],[-96.763979,29.81983],[-96.775051,29.832755],[-96.793633,29.835827],[-96.80125,29.843152],[-96.789896,29.8506],[-96.780793,29.861316],[-96.795375,29.872305],[-96.816006,29.883451],[-96.836635,29.894593],[-96.856167,29.896642],[-96.872307,29.895031],[-96.886832,29.897157],[-96.895304,29.903135],[-96.896786,29.913027],[-96.895735,29.926741],[-96.897719,29.937099],[-96.906817,29.937028],[-96.919997,29.929843],[-96.927027,29.935195],[-96.921573,29.954507],[-96.923092,29.970567],[-96.937911,29.975795],[-96.951007,29.967349],[-96.9641,29.958897],[-96.970769,29.963905],[-96.974593,29.974765],[-96.984891,29.974135],[-97.003733,29.963662],[-97.02283,29.960292],[-97.030755,29.981337],[-97.043055,29.983733],[-97.048466,29.972643],[-97.06171,29.96361],[-97.072869,29.968735],[-97.077382,29.982379],[-97.088541,29.995042],[-97.093361,30.007509],[-97.096599,30.020421],[-97.110392,30.033166],[-97.126459,30.034042],[-97.148465,30.02294],[-97.163346,30.019887],[-97.181528,30.028253],[-97.195309,30.042138],[-97.203236,30.041297],[-97.218402,30.029556],[-97.239079,30.018639],[-97.248587,30.018175],[-97.264165,30.025211],[-97.28067,30.028379],[-97.285808,30.032632],[-97.283043,30.040682],[-97.27497,30.053532],[-97.278921,30.06564],[-97.307536,30.070226],[-97.330425,30.076398],[-97.35331,30.082558],[-97.344353,30.090369],[-97.331495,30.096034],[-97.33583,30.108952],[-97.34895,30.119792],[-97.362081,30.13063],[-97.360932,30.149842],[-97.367926,30.162148],[-97.383393,30.165929],[-97.386499,30.176083],[-97.396321,30.182948],[-97.404707,30.176721],[-97.407431,30.165473],[-97.421459,30.156874],[-97.433906,30.146984],[-97.446963,30.142953],[-97.453799,30.152501],[-97.443478,30.166102],[-97.433148,30.179701],[-97.442628,30.184613],[-97.461531,30.180699],[-97.479521,30.18422],[-97.491279,30.20575],[-97.511162,30.2037],[-97.522624,30.209218],[-97.527395,30.217568],[-97.539249,30.218761],[-97.547541,30.215516],[-97.559671,30.207781],[-97.572303,30.209655],[-97.586575,30.20951],[-97.598589,30.214588],[-97.61171,30.217619],[-97.633329,30.210052],[-97.651968,30.214569],[-97.659022,30.22687],[-97.644427,30.238003],[-97.632748,30.248721],[-97.646843,30.255188],[-97.669891,30.249055],[-97.692941,30.242911],[-97.717733,30.244557],[-97.738256,30.248636],[-97.760466,30.258022],[-97.776334,30.267517],[-97.789211,30.280578],[-97.795448,30.300018],[-97.789945,30.3171],[-97.786462,30.333166],[-97.790337,30.346744],[-97.804007,30.350674],[-97.817406,30.339724],[-97.830802,30.328772],[-97.841545,30.342956],[-97.856268,30.356729],[-97.870119,30.35309],[-97.881108,30.348058],[-97.894062,30.343402],[-97.90673,30.334699],[-97.921247,30.331215],[-97.92956,30.337783],[-97.924224,30.350126],[-97.913288,30.363421],[-97.902193,30.382118],[-97.901813,30.394134]]},"properties":{"strokeweig":0.25,"name":"Colorado","featurecla":"River","scalerank":10,"min_zoom":6,"min_label":7,"ne_id":1159138207,"rivernum":22360,"dissolve":"22360River","name_alt":null,"note":"ID is link back to CEC data","name_full":"Colorado River","label":"Colorado","wikidataid":"Q847785","name_ar":null,"name_bn":"কলোরাডো নদী","name_de":"Colorado","name_en":"Colorado","name_es":"Colorado","name_fr":"Colorado","name_el":null,"name_hi":null,"name_hu":"Colorado","name_id":null,"name_it":"Colorado del Texas","name_ja":"コロラド川","name_ko":null,"name_nl":"Colorado","name_pl":"Colorado","name_pt":"Colorado","name_ru":"Колорадо","name_sv":"Coloradofloden","name_tr":"Colorado","name_vi":"Colorado","name_zh":"科羅拉多河","name_fa":"رودخانه کلرادو","name_he":null,"name_uk":"Колорадо","name_ur":null,"name_zht":"科羅拉多河","_hydro_kind":"river","_source":"Natural Earth 10m"}},{"type":"Feature","geometry":{"type":"LineString","coordinates":[[-98.192778,29.854176],[-98.182933,29.850593],[-98.172783,29.837611],[-98.174529,29.818643],[-98.166565,29.809805],[-98.156458,29.802746],[-98.165347,29.781166],[-98.157392,29.773015],[-98.146992,29.768251],[-98.125529,29.752087],[-98.119134,29.744423],[-98.116574,29.735897],[-98.120842,29.721751],[-98.123102,29.708949],[-98.112763,29.701458],[-98.101479,29.689126],[-98.089762,29.673332],[-98.073195,29.662951],[-98.063113,29.645132],[-98.049906,29.632072],[-98.036696,29.619011],[-98.046623,29.610023],[-98.048964,29.599766],[-98.043523,29.585463],[-98.032403,29.57334],[-98.021286,29.561217],[-98.010379,29.551749],[-97.991755,29.551161],[-97.97321,29.55436],[-97.95779,29.552697],[-97.943131,29.530409],[-97.935605,29.537833],[-97.922475,29.544342],[-97.90187,29.539579],[-97.880734,29.541349],[-97.861106,29.539837],[-97.841487,29.53832],[-97.829565,29.548162],[-97.817641,29.557997],[-97.803263,29.556557],[-97.793995,29.549941],[-97.789066,29.538173],[-97.764585,29.527582],[-97.740103,29.516984],[-97.726375,29.520596],[-97.709122,29.518875],[-97.692449,29.514842],[-97.681595,29.509335],[-97.680874,29.497646],[-97.67512,29.493175],[-97.659953,29.500651],[-97.640696,29.501136],[-97.622833,29.493395],[-97.6017,29.495011],[-97.585952,29.486413],[-97.575936,29.475403],[-97.56005,29.472279],[-97.545061,29.46576],[-97.536569,29.460534],[-97.517168,29.460782],[-97.502423,29.463418],[-97.490425,29.47071],[-97.471552,29.470729],[-97.465252,29.479998],[-97.460292,29.496377],[-97.449786,29.497498],[-97.441388,29.489293],[-97.424334,29.48981],[-97.409001,29.486002],[-97.40479,29.469615],[-97.395828,29.454509],[-97.384193,29.441614],[-97.372683,29.432854],[-97.35893,29.437345],[-97.347232,29.439349],[-97.333573,29.432112],[-97.324553,29.415154],[-97.311053,29.403823],[-97.313803,29.39176],[-97.314922,29.380994],[-97.299478,29.364784],[-97.293585,29.344943],[-97.297862,29.326227],[-97.304266,29.314],[-97.315669,29.301208],[-97.32707,29.288415],[-97.331904,29.276135],[-97.333027,29.25735],[-97.334149,29.238564],[-97.328932,29.221717],[-97.311812,29.210046],[-97.307712,29.199154],[-97.322252,29.185738],[-97.331179,29.167835],[-97.328199,29.154922],[-97.323747,29.147009]]},"properties":{"strokeweig":0.25,"name":"Guadalupe","featurecla":"River","scalerank":10,"min_zoom":6,"min_label":7,"ne_id":1159138199,"rivernum":22358,"dissolve":"22358River","name_alt":null,"note":"ID is link back to CEC data","name_full":"Guadalupe River","label":"Guadalupe","wikidataid":"Q1552614","name_ar":null,"name_bn":null,"name_de":"Guadalupe","name_en":"Guadalupe","name_es":"Guadalupe","name_fr":"Guadalupe","name_el":null,"name_hi":null,"name_hu":null,"name_id":null,"name_it":null,"name_ja":"グアダルーペ川","name_ko":null,"name_nl":null,"name_pl":null,"name_pt":null,"name_ru":"Гуадалупе","name_sv":null,"name_tr":null,"name_vi":null,"name_zh":"瓜達盧佩河","name_fa":"رودخانه گوادالوپه","name_he":"גוודלופה","name_uk":null,"name_ur":null,"name_zht":"瓜達盧佩河","_hydro_kind":"river","_source":"Natural Earth 10m"}},{"type":"Feature","geometry":{"type":"LineString","coordinates":[[-98.198448,28.425394],[-98.207331,28.423258],[-98.221307,28.422448],[-98.233003,28.433003],[-98.24847,28.435197],[-98.260038,28.425963],[-98.271794,28.420084],[-98.291447,28.420622],[-98.30075,28.408238],[-98.313176,28.394644],[-98.337395,28.38561],[-98.356182,28.376699],[-98.375435,28.370301],[-98.387491,28.361534],[-98.395816,28.351447],[-98.411862,28.337642],[-98.42818,28.327672],[-98.441071,28.328801],[-98.453155,28.331947],[-98.475713,28.327962],[-98.498268,28.323965],[-98.510405,28.323574],[-98.524834,28.325844],[-98.549152,28.324334],[-98.567608,28.317472],[-98.576006,28.30885],[-98.585128,28.303895],[-98.593765,28.297354],[-98.603486,28.287609],[-98.61631,28.277199],[-98.629131,28.266787],[-98.643212,28.257994],[-98.656028,28.246907],[-98.667082,28.233686],[-98.683328,28.217569],[-98.695961,28.201403],[-98.708585,28.185242],[-98.72037,28.17389],[-98.727276,28.160124],[-98.734185,28.146358],[-98.743638,28.135163],[-98.750252,28.123398],[-98.759686,28.11249],[-98.778139,28.100994],[-98.796524,28.094082],[-98.811945,28.097231],[-98.827361,28.100384],[-98.854191,28.097229],[-98.868935,28.093129],[-98.883672,28.089028],[-98.898342,28.090319],[-98.910391,28.095279],[-98.923768,28.096106],[-98.944641,28.0954],[-98.966107,28.099051],[-98.981271,28.103327],[-98.996244,28.110585],[-99.010489,28.12737],[-99.024753,28.144165],[-99.038968,28.1609],[-99.047401,28.178104],[-99.059009,28.195392],[-99.070622,28.212684],[-99.074579,28.228357],[-99.08572,28.247988],[-99.09743,28.263463],[-99.101895,28.280309],[-99.115201,28.291248],[-99.125992,28.296375],[-99.138088,28.300604],[-99.148085,28.308267],[-99.151557,28.322301],[-99.158658,28.33569],[-99.175018,28.35446],[-99.190415,28.365822],[-99.205815,28.377187],[-99.208282,28.390543],[-99.21281,28.403207],[-99.228242,28.411586],[-99.243399,28.422037],[-99.257318,28.427896],[-99.268156,28.430944],[-99.278442,28.436754],[-99.28727,28.43339],[-99.303071,28.431873],[-99.327043,28.440977],[-99.344588,28.445461],[-99.36067,28.442354],[-99.377118,28.43603],[-99.394005,28.426448],[-99.416947,28.418085],[-99.436371,28.414737],[-99.455795,28.411392]]},"properties":{"strokeweig":0.25,"name":"Nueces","featurecla":"River","scalerank":10,"min_zoom":6,"min_label":7,"ne_id":1159108523,"rivernum":22346,"dissolve":"22346River","name_alt":null,"note":"ID is link back to CEC data","name_full":"Nueces River","label":"Nueces","wikidataid":"Q1468723","name_ar":null,"name_bn":null,"name_de":"Nueces","name_en":"Nueces","name_es":"Nueces","name_fr":"Nueces","name_el":null,"name_hi":null,"name_hu":null,"name_id":null,"name_it":"Nueces","name_ja":"ヌエセス川","name_ko":"누에시스강","name_nl":"Nueces","name_pl":"Nueces","name_pt":"Nueces","name_ru":"Нуэсес","name_sv":"Nueces","name_tr":null,"name_vi":null,"name_zh":"努埃塞斯河","name_fa":null,"name_he":null,"name_uk":"Нуесес","name_ur":null,"name_zht":"努埃塞斯河","_hydro_kind":"river","_source":"Natural Earth 10m"}},{"type":"Feature","geometry":{"type":"LineString","coordinates":[[-95.039159,30.616709],[-95.033434,30.608879],[-95.033816,30.592593],[-95.02787,30.581092],[-95.010186,30.578947],[-94.992103,30.579288],[-94.970965,30.576941],[-94.951884,30.568796],[-94.932806,30.560647],[-94.913931,30.560473],[-94.892677,30.555086],[-94.871426,30.549688],[-94.849798,30.546828],[-94.835149,30.539271],[-94.839825,30.528292],[-94.856919,30.518566],[-94.865406,30.505918],[-94.856796,30.495207],[-94.851127,30.483948],[-94.861686,30.467955],[-94.860543,30.456456],[-94.848551,30.448569],[-94.843584,30.434803],[-94.831063,30.419102],[-94.809523,30.4071],[-94.794719,30.39381],[-94.788168,30.377928],[-94.783156,30.360721],[-94.777018,30.346912],[-94.774862,30.335119],[-94.782854,30.326139],[-94.789447,30.314102],[-94.794476,30.297379],[-94.795094,30.283542],[-94.786408,30.27005],[-94.786408,30.253433],[-94.798004,30.245962],[-94.809097,30.235858],[-94.816771,30.210755],[-94.832147,30.195568],[-94.835439,30.185411],[-94.822396,30.16991],[-94.816291,30.153139],[-94.822782,30.129846],[-94.821835,30.117672],[-94.824111,30.103453],[-94.826385,30.089227],[-94.830556,30.073348],[-94.831916,30.06012],[-94.835579,30.048158],[-94.839168,30.028846],[-94.834322,30.00936],[-94.827579,29.99047],[-94.820033,29.97589],[-94.816825,29.96405],[-94.816158,29.949571],[-94.806889,29.945933],[-94.790466,29.942856],[-94.777797,29.930552],[-94.76949,29.920303],[-94.766852,29.911929],[-94.759494,29.907463],[-94.747834,29.898084],[-94.744195,29.876555],[-94.745549,29.857235],[-94.75611,29.844445],[-94.760893,29.835512],[-94.751393,29.831604],[-94.745293,29.821192],[-94.74648,29.804351],[-94.747666,29.787504],[-94.744628,29.782206]]},"properties":{"strokeweig":0.3,"name":"Trinity","featurecla":"River","scalerank":10,"min_zoom":6,"min_label":7,"ne_id":1159141011,"rivernum":22992,"dissolve":"22992River","name_alt":null,"note":"ID is link back to CEC data","name_full":"Trinity River","label":"Trinity","wikidataid":"Q1969490","name_ar":null,"name_bn":null,"name_de":"Trinity","name_en":"Trinity","name_es":"Trinidad","name_fr":"Trinity","name_el":null,"name_hi":null,"name_hu":null,"name_id":null,"name_it":"Trinity","name_ja":"トリニティ川","name_ko":null,"name_nl":"Trinity","name_pl":"Trinity","name_pt":"Trinity","name_ru":"Тринити","name_sv":null,"name_tr":null,"name_vi":null,"name_zh":"三一河","name_fa":"رودخانه ترینتی","name_he":null,"name_uk":null,"name_ur":null,"name_zht":"三一河","_hydro_kind":"river","_source":"Natural Earth 10m"}},{"type":"Feature","geometry":{"type":"LineString","coordinates":[[-95.961641,28.607745],[-95.964825,28.634898],[-95.968011,28.66205],[-95.973324,28.675794],[-95.980085,28.686387],[-95.9801,28.699724],[-95.975996,28.714751],[-95.975396,28.729895],[-95.981954,28.739565],[-95.986601,28.750989],[-95.994536,28.764151],[-95.997391,28.775062],[-95.991753,28.790028],[-95.996442,28.800767],[-96.007073,28.814824],[-96.016679,28.831961],[-96.026322,28.84915],[-96.035969,28.866326],[-96.03203,28.880079],[-96.024062,28.898005],[-96.016092,28.915923],[-96.012171,28.931781],[-96.012309,28.94559],[-96.006903,28.963292],[-96.003141,28.987489],[-96.008662,29.00836],[-96.017878,29.017443],[-96.020363,29.025354],[-96.021687,29.03573],[-96.018951,29.060439],[-96.033668,29.082899],[-96.048391,29.105362],[-96.052701,29.124575],[-96.053872,29.141252],[-96.05505,29.157921],[-96.0627,29.172668],[-96.074554,29.184232],[-96.086418,29.195789],[-96.09787,29.213413],[-96.107329,29.234658],[-96.108916,29.251014],[-96.102981,29.271667],[-96.108514,29.293448],[-96.123884,29.302953],[-96.140844,29.304004],[-96.154047,29.30953],[-96.174798,29.316223],[-96.195546,29.322912],[-96.208278,29.336217],[-96.221309,29.343566],[-96.236946,29.339164],[-96.252581,29.334755],[-96.268574,29.333949],[-96.266201,29.345812],[-96.271539,29.355164],[-96.293362,29.364858],[-96.316231,29.368617],[-96.331362,29.381533],[-96.345696,29.388905],[-96.363298,29.393154],[-96.362262,29.416985],[-96.371911,29.429923],[-96.381557,29.442865],[-96.389948,29.460781],[-96.382784,29.474989],[-96.383719,29.483537],[-96.394229,29.492026]]},"properties":{"strokeweig":0.3,"name":"Colorado","featurecla":"River","scalerank":10,"min_zoom":6,"min_label":7,"ne_id":1159107035,"rivernum":22360,"dissolve":"22360River","name_alt":null,"note":"ID is link back to CEC data","name_full":"Colorado River","label":"Colorado","wikidataid":"Q847785","name_ar":null,"name_bn":"কলোরাডো নদী","name_de":"Colorado","name_en":"Colorado","name_es":"Colorado","name_fr":"Colorado","name_el":null,"name_hi":null,"name_hu":"Colorado","name_id":null,"name_it":"Colorado del Texas","name_ja":"コロラド川","name_ko":null,"name_nl":"Colorado","name_pl":"Colorado","name_pt":"Colorado","name_ru":"Колорадо","name_sv":"Coloradofloden","name_tr":"Colorado","name_vi":"Colorado","name_zh":"科羅拉多河","name_fa":"رودخانه کلرادو","name_he":null,"name_uk":"Колорадо","name_ur":null,"name_zht":"科羅拉多河","_hydro_kind":"river","_source":"Natural Earth 10m"}},{"type":"Feature","geometry":{"type":"LineString","coordinates":[[-97.323747,29.147009],[-97.320138,29.137735],[-97.31834,29.128529],[-97.326008,29.11725],[-97.332306,29.099961],[-97.335661,29.076428],[-97.333219,29.06283],[-97.323209,29.065787],[-97.309392,29.065886],[-97.281319,29.055778],[-97.259171,29.055451],[-97.23703,29.055114],[-97.227997,29.052355],[-97.207193,29.035093],[-97.186418,29.025357],[-97.18224,29.010099],[-97.192568,29.004848],[-97.209812,29.003677],[-97.219207,28.995202],[-97.217497,28.983925],[-97.205682,28.979038],[-97.194953,28.972789],[-97.185346,28.964243],[-97.17283,28.964834],[-97.164691,28.959119],[-97.163764,28.940267],[-97.156095,28.920788],[-97.145269,28.9026],[-97.137529,28.885415],[-97.122899,28.879749],[-97.104485,28.878089],[-97.092913,28.86652],[-97.084356,28.854709],[-97.070828,28.847228],[-97.070148,28.841128],[-97.073306,28.832486],[-97.061413,28.826994],[-97.043403,28.828556],[-97.033689,28.820595],[-97.027352,28.799468],[-97.02102,28.77834],[-97.022496,28.758839],[-97.015276,28.746192],[-97.008053,28.733544],[-97.008455,28.715164],[-97.011455,28.700333],[-97.006797,28.692618],[-96.993512,28.679139],[-96.982158,28.670082],[-96.968391,28.663491],[-96.957168,28.643667],[-96.957142,28.622768],[-96.952154,28.61044],[-96.941623,28.600719],[-96.933663,28.587749],[-96.922912,28.576634],[-96.911661,28.569084],[-96.901214,28.55729],[-96.90091,28.540722],[-96.900613,28.524159],[-96.89512,28.511366],[-96.88803,28.503579],[-96.875129,28.494931],[-96.864809,28.483583],[-96.845185,28.4683],[-96.834721,28.455208],[-96.819893,28.450965],[-96.810657,28.45185]]},"properties":{"strokeweig":0.3,"name":"Guadalupe","featurecla":"River","scalerank":10,"min_zoom":6,"min_label":7,"ne_id":1159108509,"rivernum":22358,"dissolve":"22358River","name_alt":null,"note":"ID is link back to CEC data","name_full":"Guadalupe River","label":"Guadalupe","wikidataid":"Q1552614","name_ar":null,"name_bn":null,"name_de":"Guadalupe","name_en":"Guadalupe","name_es":"Guadalupe","name_fr":"Guadalupe","name_el":null,"name_hi":null,"name_hu":null,"name_id":null,"name_it":null,"name_ja":"グアダルーペ川","name_ko":null,"name_nl":null,"name_pl":null,"name_pt":null,"name_ru":"Гуадалупе","name_sv":null,"name_tr":null,"name_vi":null,"name_zh":"瓜達盧佩河","name_fa":"رودخانه گوادالوپه","name_he":"גוודלופה","name_uk":null,"name_ur":null,"name_zht":"瓜達盧佩河","_hydro_kind":"river","_source":"Natural Earth 10m"}},{"type":"Feature","geometry":{"type":"LineString","coordinates":[[-98.198448,28.425394],[-98.191224,28.427127],[-98.175267,28.422703],[-98.158162,28.424473],[-98.145538,28.433682],[-98.135161,28.435124],[-98.12316,28.428019],[-98.116605,28.408828],[-98.116657,28.395056],[-98.122062,28.372618],[-98.119327,28.356483],[-98.107122,28.347986],[-98.099308,28.338634],[-98.095903,28.328947],[-98.094826,28.313636],[-98.093755,28.298325],[-98.07835,28.294373],[-98.056736,28.291003],[-98.044766,28.278018],[-98.032806,28.265026],[-98.01769,28.259459],[-98.002765,28.257559],[-97.988432,28.258702],[-97.980114,28.256278]]},"properties":{"strokeweig":0.3,"name":"Nueces","featurecla":"River","scalerank":10,"min_zoom":6,"min_label":7,"ne_id":1159138159,"rivernum":22349,"dissolve":"22349River","name_alt":null,"note":"ID is link back to CEC data","name_full":"Nueces River","label":"Nueces","wikidataid":"Q1468723","name_ar":null,"name_bn":null,"name_de":"Nueces","name_en":"Nueces","name_es":"Nueces","name_fr":"Nueces","name_el":null,"name_hi":null,"name_hu":null,"name_id":null,"name_it":"Nueces","name_ja":"ヌエセス川","name_ko":"누에시스강","name_nl":"Nueces","name_pl":"Nueces","name_pt":"Nueces","name_ru":"Нуэсес","name_sv":"Nueces","name_tr":null,"name_vi":null,"name_zh":"努埃塞斯河","name_fa":null,"name_he":null,"name_uk":"Нуесес","name_ur":null,"name_zht":"努埃塞斯河","_hydro_kind":"river","_source":"Natural Earth 10m"}},{"type":"Feature","geometry":{"type":"LineString","coordinates":[[-97.877735,28.045559],[-97.85805,28.039023],[-97.835081,28.036716],[-97.815178,28.039087],[-97.798844,28.028871],[-97.794044,28.010494],[-97.797235,27.996513],[-97.804657,27.980151],[-97.81209,27.963782],[-97.81084,27.942373],[-97.799956,27.935928],[-97.778799,27.938712],[-97.753532,27.931289],[-97.734698,27.92376],[-97.711636,27.920501],[-97.684679,27.918889],[-97.660366,27.924209],[-97.647648,27.919325],[-97.640018,27.906732],[-97.626087,27.894899],[-97.612152,27.88307],[-97.606196,27.870871],[-97.59437,27.861629],[-97.581476,27.858921],[-97.563757,27.864773],[-97.546036,27.870621],[-97.521065,27.873155]]},"properties":{"strokeweig":0.3,"name":"Nueces","featurecla":"River","scalerank":10,"min_zoom":6,"min_label":7,"ne_id":1159138119,"rivernum":22338,"dissolve":"22338River","name_alt":null,"note":"ID is link back to CEC data","name_full":"Nueces River","label":"Nueces","wikidataid":"Q1468723","name_ar":null,"name_bn":null,"name_de":"Nueces","name_en":"Nueces","name_es":"Nueces","name_fr":"Nueces","name_el":null,"name_hi":null,"name_hu":null,"name_id":null,"name_it":"Nueces","name_ja":"ヌエセス川","name_ko":"누에시스강","name_nl":"Nueces","name_pl":"Nueces","name_pt":"Nueces","name_ru":"Нуэсес","name_sv":"Nueces","name_tr":null,"name_vi":null,"name_zh":"努埃塞斯河","name_fa":null,"name_he":null,"name_uk":"Нуесес","name_ur":null,"name_zht":"努埃塞斯河","_hydro_kind":"river","_source":"Natural Earth 10m"}},{"type":"Feature","geometry":{"type":"LineString","coordinates":[[-101.297402,29.504143],[-101.27144,29.505679],[-101.249683,29.51716],[-101.227921,29.528636],[-101.213694,29.531806]]},"properties":{"strokeweig":0.2,"name":"El Caballo","featurecla":"Lake Centerline","scalerank":11,"min_zoom":6.7,"min_label":7.7,"ne_id":1159138259,"rivernum":22372,"dissolve":"22372River","name_alt":null,"note":"ID is link back to CEC data","name_full":"Arroyo El Caballo","label":"El Caballo","wikidataid":"Q27806838","name_ar":null,"name_bn":null,"name_de":null,"name_en":"El Caballo","name_es":null,"name_fr":null,"name_el":null,"name_hi":null,"name_hu":null,"name_id":null,"name_it":null,"name_ja":null,"name_ko":null,"name_nl":null,"name_pl":null,"name_pt":null,"name_ru":null,"name_sv":"El Caballo","name_tr":null,"name_vi":null,"name_zh":null,"name_fa":null,"name_he":null,"name_uk":null,"name_ur":null,"name_zht":null,"_hydro_kind":"river","_source":"Natural Earth 10m"}},{"type":"Feature","geometry":{"type":"LineString","coordinates":[[-101.060858,29.467212],[-101.040162,29.481901],[-101.019459,29.496585],[-101.002766,29.503302],[-100.982576,29.508535],[-100.967372,29.516014],[-100.962941,29.529097],[-100.964969,29.556184],[-100.966993,29.583276],[-100.959126,29.605119],[-100.943069,29.621449],[-100.927012,29.63777],[-100.926843,29.640831]]},"properties":{"strokeweig":0.2,"name":"Devils","featurecla":"Lake Centerline","scalerank":11,"min_zoom":6.7,"min_label":7.7,"ne_id":1159140997,"rivernum":22989,"dissolve":"22989River","name_alt":null,"note":"ID is link back to CEC data","name_full":"Devils River","label":"Devils","wikidataid":"Q5267445","name_ar":null,"name_bn":null,"name_de":null,"name_en":"Devils","name_es":null,"name_fr":null,"name_el":null,"name_hi":null,"name_hu":null,"name_id":null,"name_it":null,"name_ja":"デビルズ川","name_ko":null,"name_nl":null,"name_pl":null,"name_pt":null,"name_ru":null,"name_sv":null,"name_tr":null,"name_vi":null,"name_zh":null,"name_fa":null,"name_he":null,"name_uk":null,"name_ur":null,"name_zht":null,"_hydro_kind":"river","_source":"Natural Earth 10m"}},{"type":"Feature","geometry":{"type":"LineString","coordinates":[[-99.412011,26.79862],[-99.401623,26.801923],[-99.38693,26.799306],[-99.378684,26.784128],[-99.366421,26.774641],[-99.350263,26.781923],[-99.341844,26.805642],[-99.333422,26.829358],[-99.323075,26.843771],[-99.312733,26.858188],[-99.294326,26.861918],[-99.28051,26.85993]]},"properties":{"strokeweig":0.2,"name":"Colorado","featurecla":"Lake Centerline","scalerank":10,"min_zoom":6,"min_label":7,"ne_id":1159138475,"rivernum":22414,"dissolve":"22414River","name_alt":null,"note":"ID is link back to CEC data","name_full":"Colorado River","label":"Colorado","wikidataid":"Q847785","name_ar":null,"name_bn":"কলোরাডো নদী","name_de":"Colorado","name_en":"Colorado","name_es":"Colorado","name_fr":"Colorado","name_el":null,"name_hi":null,"name_hu":"Colorado","name_id":null,"name_it":"Colorado del Texas","name_ja":"コロラド川","name_ko":null,"name_nl":"Colorado","name_pl":"Colorado","name_pt":"Colorado","name_ru":"Колорадо","name_sv":"Coloradofloden","name_tr":"Colorado","name_vi":"Colorado","name_zh":"科羅拉多河","name_fa":"رودخانه کلرادو","name_he":null,"name_uk":"Колорадо","name_ur":null,"name_zht":"科羅拉多河","_hydro_kind":"river","_source":"Natural Earth 10m"}},{"type":"Feature","geometry":{"type":"LineString","coordinates":[[-94.127231,32.727987],[-94.111011,32.718008],[-94.094797,32.708024],[-94.073021,32.701271],[-94.051017,32.701066],[-94.03166,32.703535],[-94.014853,32.70869],[-93.994431,32.704944],[-93.974004,32.701188]]},"properties":{"strokeweig":0.2,"name":"Big Cypress Bayou","featurecla":"Lake Centerline","scalerank":12,"min_zoom":7,"min_label":8,"ne_id":1159144111,"rivernum":22450,"dissolve":"22450Lake Centerline","name_alt":null,"note":"ID is link back to CEC data","name_full":"Big Cypress Bayou","label":"Big Cypress Bayou","wikidataid":"Q4905518","name_ar":null,"name_bn":null,"name_de":null,"name_en":"Big Cypress Bayou","name_es":null,"name_fr":null,"name_el":null,"name_hi":null,"name_hu":null,"name_id":null,"name_it":null,"name_ja":null,"name_ko":null,"name_nl":null,"name_pl":null,"name_pt":null,"name_ru":null,"name_sv":null,"name_tr":null,"name_vi":null,"name_zh":null,"name_fa":null,"name_he":null,"name_uk":null,"name_ur":null,"name_zht":null,"_hydro_kind":"river","_source":"Natural Earth 10m"}},{"type":"Feature","geometry":{"type":"LineString","coordinates":[[-94.70695,32.885817],[-94.697241,32.870206],[-94.687524,32.854588],[-94.672155,32.837632],[-94.658793,32.827779],[-94.645435,32.817929],[-94.630478,32.808886],[-94.615538,32.799841],[-94.596142,32.791062],[-94.57722,32.785532],[-94.560477,32.778321],[-94.545844,32.769413],[-94.529395,32.76204],[-94.5019,32.753274]]},"properties":{"strokeweig":0.2,"name":"Big Cypress Bayou","featurecla":"Lake Centerline","scalerank":12,"min_zoom":7,"min_label":8,"ne_id":1159144111,"rivernum":22450,"dissolve":"22450Lake Centerline","name_alt":null,"note":"ID is link back to CEC data","name_full":"Big Cypress Bayou","label":"Big Cypress Bayou","wikidataid":"Q4905518","name_ar":null,"name_bn":null,"name_de":null,"name_en":"Big Cypress Bayou","name_es":null,"name_fr":null,"name_el":null,"name_hi":null,"name_hu":null,"name_id":null,"name_it":null,"name_ja":null,"name_ko":null,"name_nl":null,"name_pl":null,"name_pt":null,"name_ru":null,"name_sv":null,"name_tr":null,"name_vi":null,"name_zh":null,"name_fa":null,"name_he":null,"name_uk":null,"name_ur":null,"name_zht":null,"_hydro_kind":"river","_source":"Natural Earth 10m"}},{"type":"Feature","geometry":{"type":"LineString","coordinates":[[-94.78826,32.98125],[-94.781651,32.977243],[-94.773508,32.958903],[-94.765361,32.940551],[-94.757247,32.922253]]},"properties":{"strokeweig":0.2,"name":"Big Cypress Bayou","featurecla":"Lake Centerline","scalerank":12,"min_zoom":7,"min_label":8,"ne_id":1159144111,"rivernum":22450,"dissolve":"22450Lake Centerline","name_alt":null,"note":"ID is link back to CEC data","name_full":"Big Cypress Bayou","label":"Big Cypress Bayou","wikidataid":"Q4905518","name_ar":null,"name_bn":null,"name_de":null,"name_en":"Big Cypress Bayou","name_es":null,"name_fr":null,"name_el":null,"name_hi":null,"name_hu":null,"name_id":null,"name_it":null,"name_ja":null,"name_ko":null,"name_nl":null,"name_pl":null,"name_pt":null,"name_ru":null,"name_sv":null,"name_tr":null,"name_vi":null,"name_zh":null,"name_fa":null,"name_he":null,"name_uk":null,"name_ur":null,"name_zht":null,"_hydro_kind":"river","_source":"Natural Earth 10m"}},{"type":"Feature","geometry":{"type":"LineString","coordinates":[[-94.078632,31.064022],[-94.091209,31.083519],[-94.105016,31.093297],[-94.125622,31.099883],[-94.146252,31.10647],[-94.166817,31.113035],[-94.182487,31.122747],[-94.198809,31.142343],[-94.215138,31.161942],[-94.23126,31.171655],[-94.251237,31.177857],[-94.267487,31.186738],[-94.284857,31.203885],[-94.302239,31.221023],[-94.315172,31.229602],[-94.330491,31.235527],[-94.345767,31.243836],[-94.361055,31.25456],[-94.373622,31.268585],[-94.383522,31.285959],[-94.396777,31.299035],[-94.413739,31.308875],[-94.430711,31.318711],[-94.448684,31.331618],[-94.461948,31.345054],[-94.470559,31.359067],[-94.481159,31.37248],[-94.493796,31.38535],[-94.508779,31.393267],[-94.526167,31.396261],[-94.539573,31.403521],[-94.549066,31.415073],[-94.567792,31.426705],[-94.58668,31.434012],[-94.60557,31.441309],[-94.632413,31.444444],[-94.659255,31.447566]]},"properties":{"strokeweig":0.2,"name":"Angelina","featurecla":"Lake Centerline","scalerank":12,"min_zoom":7,"min_label":8,"ne_id":1159144093,"rivernum":22412,"dissolve":"22412Lake Centerline","name_alt":null,"note":"ID is link back to CEC data","name_full":"Angelina River","label":"Angelina","wikidataid":"Q4762748","name_ar":null,"name_bn":null,"name_de":"Angelina","name_en":"Angelina","name_es":null,"name_fr":null,"name_el":null,"name_hi":null,"name_hu":null,"name_id":null,"name_it":null,"name_ja":null,"name_ko":null,"name_nl":null,"name_pl":null,"name_pt":null,"name_ru":null,"name_sv":null,"name_tr":null,"name_vi":null,"name_zh":"安杰利纳河","name_fa":null,"name_he":null,"name_uk":null,"name_ur":null,"name_zht":"安杰利纳河","_hydro_kind":"river","_source":"Natural Earth 10m"}},{"type":"Feature","geometry":{"type":"LineString","coordinates":[[-94.186968,30.889559],[-94.1962,30.865176],[-94.196066,30.848347]]},"properties":{"strokeweig":0.2,"name":"Angelina","featurecla":"Lake Centerline","scalerank":11,"min_zoom":6.7,"min_label":7.7,"ne_id":1159144089,"rivernum":22412,"dissolve":"22412Lake Centerline","name_alt":null,"note":"ID is link back to CEC data","name_full":"Angelina River","label":"Angelina","wikidataid":"Q4762748","name_ar":null,"name_bn":null,"name_de":"Angelina","name_en":"Angelina","name_es":null,"name_fr":null,"name_el":null,"name_hi":null,"name_hu":null,"name_id":null,"name_it":null,"name_ja":null,"name_ko":null,"name_nl":null,"name_pl":null,"name_pt":null,"name_ru":null,"name_sv":null,"name_tr":null,"name_vi":null,"name_zh":"安杰利纳河","name_fa":null,"name_he":null,"name_uk":null,"name_ur":null,"name_zht":"安杰利纳河","_hydro_kind":"river","_source":"Natural Earth 10m"}},{"type":"Feature","geometry":{"type":"LineString","coordinates":[[-94.177574,30.80675],[-94.183239,30.813441],[-94.189652,30.830892],[-94.196066,30.848347]]},"properties":{"strokeweig":0.2,"name":"Neches","featurecla":"Lake Centerline","scalerank":11,"min_zoom":6.7,"min_label":7.7,"ne_id":1159144067,"rivernum":22377,"dissolve":"22377Lake Centerline","name_alt":null,"note":"ID is link back to CEC data","name_full":"Neches River","label":"Neches","wikidataid":"Q964437","name_ar":null,"name_bn":null,"name_de":"Neches","name_en":"Neches","name_es":"Neches","name_fr":"Neches","name_el":null,"name_hi":null,"name_hu":null,"name_id":null,"name_it":"Neches","name_ja":"ナチェス川","name_ko":null,"name_nl":"Neches","name_pl":"Neches","name_pt":"Neches","name_ru":"Нечес","name_sv":null,"name_tr":null,"name_vi":null,"name_zh":"内奇斯河","name_fa":null,"name_he":null,"name_uk":null,"name_ur":null,"name_zht":"内奇斯河","_hydro_kind":"river","_source":"Natural Earth 10m"}},{"type":"Feature","geometry":{"type":"LineString","coordinates":[[-94.210493,30.895061],[-94.211206,30.882941],[-94.203631,30.865642],[-94.196066,30.848347]]},"properties":{"strokeweig":0.2,"name":"Neches","featurecla":"Lake Centerline","scalerank":12,"min_zoom":7,"min_label":8,"ne_id":1159144067,"rivernum":22377,"dissolve":"22377Lake Centerline","name_alt":null,"note":"ID is link back to CEC data","name_full":"Neches River","label":"Neches","wikidataid":"Q964437","name_ar":null,"name_bn":null,"name_de":"Neches","name_en":"Neches","name_es":"Neches","name_fr":"Neches","name_el":null,"name_hi":null,"name_hu":null,"name_id":null,"name_it":"Neches","name_ja":"ナチェス川","name_ko":null,"name_nl":"Neches","name_pl":"Neches","name_pt":"Neches","name_ru":"Нечес","name_sv":null,"name_tr":null,"name_vi":null,"name_zh":"内奇斯河","name_fa":null,"name_he":null,"name_uk":null,"name_ur":null,"name_zht":"内奇斯河","_hydro_kind":"river","_source":"Natural Earth 10m"}},{"type":"Feature","geometry":{"type":"LineString","coordinates":[[-95.956905,32.837161],[-95.9555,32.849162],[-95.962757,32.86518],[-95.97581,32.885656],[-95.988869,32.906124],[-95.997956,32.927115],[-96.001407,32.94873],[-96.00486,32.970367],[-96.008308,32.991933]]},"properties":{"strokeweig":0.2,"name":"Cowleech Fork","featurecla":"Lake Centerline","scalerank":12,"min_zoom":7,"min_label":8,"ne_id":1159138663,"rivernum":22458,"dissolve":"22458River (Intermittent)","name_alt":null,"note":"ID is link back to CEC data","name_full":null,"label":null,"wikidataid":null,"name_ar":null,"name_bn":null,"name_de":null,"name_en":null,"name_es":null,"name_fr":null,"name_el":null,"name_hi":null,"name_hu":null,"name_id":null,"name_it":null,"name_ja":null,"name_ko":null,"name_nl":null,"name_pl":null,"name_pt":null,"name_ru":null,"name_sv":null,"name_tr":null,"name_vi":null,"name_zh":null,"name_fa":null,"name_he":null,"name_uk":null,"name_ur":null,"name_zht":null,"_hydro_kind":"river","_source":"Natural Earth 10m"}},{"type":"Feature","geometry":{"type":"LineString","coordinates":[[-97.036961,33.360783],[-97.050353,33.378413],[-97.063808,33.387962],[-97.081842,33.395336],[-97.093514,33.407048],[-97.098859,33.423146],[-97.101806,33.441886],[-97.102298,33.457639],[-97.102783,33.473388]]},"properties":{"strokeweig":0.2,"name":"Elm Fk.  Trinity","featurecla":"Lake Centerline","scalerank":12,"min_zoom":7,"min_label":8,"ne_id":1159144135,"rivernum":22473,"dissolve":"22473Lake Centerline","name_alt":null,"note":"ID is link back to CEC data","name_full":"Elm Fork Trinity River","label":null,"wikidataid":null,"name_ar":null,"name_bn":null,"name_de":null,"name_en":null,"name_es":null,"name_fr":null,"name_el":null,"name_hi":null,"name_hu":null,"name_id":null,"name_it":null,"name_ja":null,"name_ko":null,"name_nl":null,"name_pl":null,"name_pt":null,"name_ru":null,"name_sv":null,"name_tr":null,"name_vi":null,"name_zh":null,"name_fa":null,"name_he":null,"name_uk":null,"name_ur":null,"name_zht":null,"_hydro_kind":"river","_source":"Natural Earth 10m"}},{"type":"Feature","geometry":{"type":"LineString","coordinates":[[-96.968097,33.066381],[-96.972124,33.080666],[-96.976152,33.09495],[-96.984794,33.114267],[-96.998876,33.133885],[-97.009928,33.153807],[-97.019959,33.179106],[-97.02999,33.204401]]},"properties":{"strokeweig":0.2,"name":"Elm Fk.  Trinity","featurecla":"Lake Centerline","scalerank":12,"min_zoom":7,"min_label":8,"ne_id":1159144115,"rivernum":22454,"dissolve":"22454Lake Centerline","name_alt":null,"note":"ID is link back to CEC data","name_full":"Elm Fork Trinity River","label":null,"wikidataid":null,"name_ar":null,"name_bn":null,"name_de":null,"name_en":null,"name_es":null,"name_fr":null,"name_el":null,"name_hi":null,"name_hu":null,"name_id":null,"name_it":null,"name_ja":null,"name_ko":null,"name_nl":null,"name_pl":null,"name_pt":null,"name_ru":null,"name_sv":null,"name_tr":null,"name_vi":null,"name_zh":null,"name_fa":null,"name_he":null,"name_uk":null,"name_ur":null,"name_zht":null,"_hydro_kind":"river","_source":"Natural Earth 10m"}},{"type":"Feature","geometry":{"type":"LineString","coordinates":[[-95.372236,30.847894],[-95.357169,30.858486],[-95.342099,30.869074],[-95.319838,30.881903],[-95.298216,30.889054],[-95.279392,30.891791],[-95.258602,30.885145],[-95.240835,30.867588],[-95.228093,30.848455],[-95.214308,30.833565],[-95.199438,30.822866],[-95.17941,30.817646],[-95.159377,30.812415],[-95.146669,30.802086],[-95.137034,30.784883],[-95.13044,30.760743],[-95.127131,30.736644],[-95.127096,30.712494],[-95.119641,30.693676],[-95.100952,30.676402],[-95.082176,30.659031],[-95.063441,30.64169],[-95.044787,30.624416],[-95.03916,30.61671]]},"properties":{"strokeweig":0.25,"name":"Trinity","featurecla":"Lake Centerline","scalerank":10,"min_zoom":6,"min_label":7,"ne_id":1159144079,"rivernum":22409,"dissolve":"22409Lake Centerline","name_alt":null,"note":"ID is link back to CEC data","name_full":"Trinity River","label":"Trinity","wikidataid":"Q499797","name_ar":null,"name_bn":null,"name_de":"Trinity","name_en":"Trinity","name_es":null,"name_fr":"Trinity","name_el":null,"name_hi":null,"name_hu":null,"name_id":null,"name_it":null,"name_ja":null,"name_ko":null,"name_nl":"Trinity","name_pl":null,"name_pt":null,"name_ru":"Тринити","name_sv":null,"name_tr":null,"name_vi":null,"name_zh":"三一河","name_fa":null,"name_he":"טריניטי","name_uk":null,"name_ur":"دریائے ٹرنٹی","name_zht":"三一河","_hydro_kind":"river","_source":"Natural Earth 10m"}},{"type":"Feature","geometry":{"type":"LineString","coordinates":[[-97.651323,30.989657],[-97.64024,31.000577],[-97.629148,31.011496],[-97.609617,31.016315],[-97.58437,31.019024],[-97.562361,31.019684],[-97.534122,31.017604]]},"properties":{"strokeweig":0.2,"name":"Lampasas","featurecla":"Lake Centerline","scalerank":10,"min_zoom":6,"min_label":7,"ne_id":1159144097,"rivernum":22415,"dissolve":"22415Lake Centerline","name_alt":null,"note":"ID is link back to CEC data","name_full":"Lampasas River","label":null,"wikidataid":null,"name_ar":null,"name_bn":null,"name_de":null,"name_en":null,"name_es":null,"name_fr":null,"name_el":null,"name_hi":null,"name_hu":null,"name_id":null,"name_it":null,"name_ja":null,"name_ko":null,"name_nl":null,"name_pl":null,"name_pt":null,"name_ru":null,"name_sv":null,"name_tr":null,"name_vi":null,"name_zh":null,"name_fa":null,"name_he":null,"name_uk":null,"name_ur":null,"name_zht":null,"_hydro_kind":"river","_source":"Natural Earth 10m"}},{"type":"Feature","geometry":{"type":"LineString","coordinates":[[-97.469484,31.104698],[-97.483994,31.108906],[-97.502986,31.122015],[-97.501753,31.135955],[-97.488347,31.147349],[-97.474936,31.158734],[-97.466833,31.170808],[-97.477763,31.175442],[-97.489842,31.173843],[-97.500797,31.177875],[-97.504442,31.188692],[-97.503966,31.203416],[-97.500399,31.208802]]},"properties":{"strokeweig":0.2,"name":"Leon","featurecla":"Lake Centerline","scalerank":11,"min_zoom":6.7,"min_label":7.7,"ne_id":1159144103,"rivernum":22418,"dissolve":"22418Lake Centerline","name_alt":null,"note":"ID is link back to CEC data","name_full":"Leon River","label":null,"wikidataid":"Q16894115","name_ar":null,"name_bn":null,"name_de":null,"name_en":null,"name_es":null,"name_fr":null,"name_el":null,"name_hi":null,"name_hu":null,"name_id":null,"name_it":null,"name_ja":null,"name_ko":null,"name_nl":null,"name_pl":null,"name_pt":null,"name_ru":null,"name_sv":null,"name_tr":null,"name_vi":null,"name_zh":null,"name_fa":null,"name_he":null,"name_uk":null,"name_ur":null,"name_zht":null,"_hydro_kind":"river","_source":"Natural Earth 10m"}},{"type":"Feature","geometry":{"type":"LineString","coordinates":[[-98.206208,30.560124],[-98.199398,30.555343],[-98.18233,30.537093],[-98.171847,30.52798],[-98.158336,30.52157],[-98.142859,30.515086],[-98.134123,30.506594],[-98.130415,30.494012],[-98.121706,30.484866],[-98.09411,30.48819],[-98.088505,30.483044],[-98.086013,30.47138],[-98.078938,30.460041],[-98.073581,30.45599],[-98.060621,30.443176],[-98.051874,30.437578],[-98.042629,30.441535],[-98.033778,30.454096],[-98.024925,30.466663],[-98.015819,30.468962],[-98.007944,30.464433],[-98.00571,30.457469],[-98.011574,30.448468],[-98.025973,30.431732],[-98.034488,30.419117],[-98.027005,30.41174],[-98.008672,30.408505],[-98.000273,30.404297],[-98.001045,30.396378],[-98.008317,30.383315],[-98.009415,30.372824],[-97.997125,30.372828],[-97.973466,30.382169],[-97.949808,30.391503],[-97.945423,30.397508],[-97.945272,30.418061],[-97.939858,30.424467],[-97.926733,30.424857],[-97.912568,30.417199],[-97.901559,30.402292],[-97.901812,30.394136]]},"properties":{"strokeweig":0.2,"name":"Colorado","featurecla":"Lake Centerline","scalerank":10,"min_zoom":6,"min_label":7,"ne_id":1159144057,"rivernum":22360,"dissolve":"22360Lake Centerline","name_alt":null,"note":"ID is link back to CEC data","name_full":"Colorado River","label":"Colorado","wikidataid":"Q847785","name_ar":null,"name_bn":"কলোরাডো নদী","name_de":"Colorado","name_en":"Colorado","name_es":"Colorado","name_fr":"Colorado","name_el":null,"name_hi":null,"name_hu":"Colorado","name_id":null,"name_it":"Colorado del Texas","name_ja":"コロラド川","name_ko":null,"name_nl":"Colorado","name_pl":"Colorado","name_pt":"Colorado","name_ru":"Колорадо","name_sv":"Coloradofloden","name_tr":"Colorado","name_vi":"Colorado","name_zh":"科羅拉多河","name_fa":"رودخانه کلرادو","name_he":null,"name_uk":"Колорадо","name_ur":null,"name_zht":"科羅拉多河","_hydro_kind":"river","_source":"Natural Earth 10m"}},{"type":"Feature","geometry":{"type":"LineString","coordinates":[[-98.413265,30.754972],[-98.424858,30.77085],[-98.421832,30.789299],[-98.415113,30.809379],[-98.415731,30.825212],[-98.41924,30.841691],[-98.427811,30.858206],[-98.440507,30.869943],[-98.449999,30.885595],[-98.446401,30.906506],[-98.440184,30.919487]]},"properties":{"strokeweig":0.2,"name":"Colorado","featurecla":"Lake Centerline","scalerank":10,"min_zoom":6,"min_label":7,"ne_id":1159144075,"rivernum":22403,"dissolve":"22403Lake Centerline","name_alt":null,"note":"ID is link back to CEC data","name_full":"Colorado River","label":"Colorado","wikidataid":"Q847785","name_ar":null,"name_bn":"কলোরাডো নদী","name_de":"Colorado","name_en":"Colorado","name_es":"Colorado","name_fr":"Colorado","name_el":null,"name_hi":null,"name_hu":"Colorado","name_id":null,"name_it":"Colorado del Texas","name_ja":"コロラド川","name_ko":null,"name_nl":"Colorado","name_pl":"Colorado","name_pt":"Colorado","name_ru":"Колорадо","name_sv":"Coloradofloden","name_tr":"Colorado","name_vi":"Colorado","name_zh":"科羅拉多河","name_fa":"رودخانه کلرادو","name_he":null,"name_uk":"Колорадо","name_ur":null,"name_zht":"科羅拉多河","_hydro_kind":"river","_source":"Natural Earth 10m"}},{"type":"Feature","geometry":{"type":"LineString","coordinates":[[-98.294614,29.897996],[-98.275219,29.895758],[-98.255823,29.893517],[-98.235434,29.886166],[-98.219162,29.873773],[-98.202894,29.861372],[-98.192779,29.854177]]},"properties":{"strokeweig":0.2,"name":"Guadalupe","featurecla":"Lake Centerline","scalerank":10,"min_zoom":6,"min_label":7,"ne_id":1159144053,"rivernum":22358,"dissolve":"22358Lake Centerline","name_alt":null,"note":"ID is link back to CEC data","name_full":"Guadalupe River","label":"Guadalupe","wikidataid":"Q1552614","name_ar":null,"name_bn":null,"name_de":"Guadalupe","name_en":"Guadalupe","name_es":"Guadalupe","name_fr":"Guadalupe","name_el":null,"name_hi":null,"name_hu":null,"name_id":null,"name_it":null,"name_ja":"グアダルーペ川","name_ko":null,"name_nl":null,"name_pl":null,"name_pt":null,"name_ru":"Гуадалупе","name_sv":null,"name_tr":null,"name_vi":null,"name_zh":"瓜達盧佩河","name_fa":"رودخانه گوادالوپه","name_he":"גוודלופה","name_uk":null,"name_ur":null,"name_zht":"瓜達盧佩河","_hydro_kind":"river","_source":"Natural Earth 10m"}},{"type":"Feature","geometry":{"type":"LineString","coordinates":[[-98.439444,28.511837],[-98.435597,28.5094],[-98.430121,28.507173]]},"properties":{"strokeweig":0.2,"name":"San Miguel","featurecla":"Lake Centerline","scalerank":12,"min_zoom":7,"min_label":8,"ne_id":1159108523,"rivernum":22346,"dissolve":"22346River","name_alt":null,"note":"ID is link back to CEC data","name_full":"San Miguel","label":"Nueces","wikidataid":null,"name_ar":null,"name_bn":null,"name_de":null,"name_en":null,"name_es":null,"name_fr":null,"name_el":null,"name_hi":null,"name_hu":null,"name_id":null,"name_it":null,"name_ja":null,"name_ko":null,"name_nl":null,"name_pl":null,"name_pt":null,"name_ru":null,"name_sv":null,"name_tr":null,"name_vi":null,"name_zh":null,"name_fa":null,"name_he":null,"name_uk":null,"name_ur":null,"name_zht":null,"_hydro_kind":"river","_source":"Natural Earth 10m"}},{"type":"Feature","geometry":{"type":"LineString","coordinates":[[-98.523322,28.466028],[-98.507241,28.469778],[-98.491158,28.473532],[-98.476834,28.480483],[-98.461001,28.492132],[-98.442997,28.502442],[-98.426346,28.508554],[-98.409693,28.514664],[-98.389233,28.510138],[-98.372344,28.501785],[-98.355452,28.493435],[-98.3384,28.488756],[-98.318825,28.485863],[-98.288956,28.484817],[-98.259069,28.483768],[-98.229278,28.482706]]},"properties":{"strokeweig":0.2,"name":"Frio","featurecla":"Lake Centerline","scalerank":12,"min_zoom":7,"min_label":8,"ne_id":1159108523,"rivernum":22346,"dissolve":"22346River","name_alt":null,"note":"ID is link back to CEC data","name_full":"Frio","label":"Nueces","wikidataid":null,"name_ar":null,"name_bn":null,"name_de":null,"name_en":null,"name_es":null,"name_fr":null,"name_el":null,"name_hi":null,"name_hu":null,"name_id":null,"name_it":null,"name_ja":null,"name_ko":null,"name_nl":null,"name_pl":null,"name_pt":null,"name_ru":null,"name_sv":null,"name_tr":null,"name_vi":null,"name_zh":null,"name_fa":null,"name_he":null,"name_uk":null,"name_ur":null,"name_zht":null,"_hydro_kind":"river","_source":"Natural Earth 10m"}},{"type":"Feature","geometry":{"type":"LineString","coordinates":[[-97.980114,28.256278],[-97.969261,28.251573],[-97.950248,28.243941],[-97.940466,28.227695],[-97.934223,28.207371],[-97.921773,28.191203],[-97.915704,28.176504],[-97.916698,28.161238],[-97.913092,28.146911],[-97.904872,28.133471],[-97.900423,28.115533],[-97.899194,28.095159],[-97.897959,28.074785],[-97.89509,28.06074],[-97.885697,28.049648],[-97.877735,28.045559]]},"properties":{"strokeweig":0.3,"name":"Nueces","featurecla":"Lake Centerline","scalerank":10,"min_zoom":6,"min_label":7,"ne_id":1159144039,"rivernum":22349,"dissolve":"22349Lake Centerline","name_alt":null,"note":"ID is link back to CEC data","name_full":"Nueces River","label":"Nueces","wikidataid":"Q1468723","name_ar":null,"name_bn":null,"name_de":"Nueces","name_en":"Nueces","name_es":"Nueces","name_fr":"Nueces","name_el":null,"name_hi":null,"name_hu":null,"name_id":null,"name_it":"Nueces","name_ja":"ヌエセス川","name_ko":"누에시스강","name_nl":"Nueces","name_pl":"Nueces","name_pt":"Nueces","name_ru":"Нуэсес","name_sv":"Nueces","name_tr":null,"name_vi":null,"name_zh":"努埃塞斯河","name_fa":null,"name_he":null,"name_uk":"Нуесес","name_ur":null,"name_zht":"努埃塞斯河","_hydro_kind":"river","_source":"Natural Earth 10m"}}]}